[{"model": "admin.logentry", "pk": 1, "fields": {"action_time": "2022-12-08T12:30:58.988Z", "user": 1, "content_type": 6, "object_id": "2", "object_repr": "sanya0639.be20@chitkara.edu.in", "action_flag": 3, "change_message": ""}}, {"model": "admin.logentry", "pk": 2, "fields": {"action_time": "2022-12-16T11:34:02.772Z", "user": 1, "content_type": 8, "object_id": "1", "object_repr": "testrest", "action_flag": 2, "change_message": "[{\"changed\": {\"fields\": [\"Is approved\"]}}]"}}, {"model": "admin.logentry", "pk": 3, "fields": {"action_time": "2022-12-16T11:37:42.443Z", "user": 1, "content_type": 7, "object_id": "4", "object_repr": "vendorfood13@gmail.com", "action_flag": 2, "change_message": "[{\"changed\": {\"fields\": [\"Profile picture\", \"Cover photo\"]}}]"}}, {"model": "admin.logentry", "pk": 4, "fields": {"action_time": "2022-12-18T06:31:47.088Z", "user": 1, "content_type": 9, "object_id": "1", "object_repr": "Burger", "action_flag": 1, "change_message": "[{\"added\": {}}]"}}, {"model": "admin.logentry", "pk": 5, "fields": {"action_time": "2022-12-18T06:32:05.786Z", "user": 1, "content_type": 9, "object_id": "2", "object_repr": "Sea food", "action_flag": 1, "change_message": "[{\"added\": {}}]"}}, {"model": "admin.logentry", "pk": 6, "fields": {"action_time": "2022-12-18T06:32:15.578Z", "user": 1, "content_type": 9, "object_id": "3", "object_repr": "Chicken", "action_flag": 1, "change_message": "[{\"added\": {}}]"}}, {"model": "admin.logentry", "pk": 7, "fields": {"action_time": "2022-12-18T06:32:27.287Z", "user": 1, "content_type": 9, "object_id": "4", "object_repr": "Pizza", "action_flag": 1, "change_message": "[{\"added\": {}}]"}}, {"model": "admin.logentry", "pk": 8, "fields": {"action_time": "2022-12-18T06:59:00.829Z", "user": 1, "content_type": 10, "object_id": "1", "object_repr": "Burger1", "action_flag": 1, "change_message": "[{\"added\": {}}]"}}, {"model": "admin.logentry", "pk": 9, "fields": {"action_time": "2022-12-18T06:59:23.417Z", "user": 1, "content_type": 10, "object_id": "2", "object_repr": "Burger2", "action_flag": 1, "change_message": "[{\"added\": {}}]"}}, {"model": "admin.logentry", "pk": 10, "fields": {"action_time": "2022-12-18T07:00:03.362Z", "user": 1, "content_type": 10, "object_id": "3", "object_repr": "Sea food one", "action_flag": 1, "change_message": "[{\"added\": {}}]"}}, {"model": "admin.logentry", "pk": 11, "fields": {"action_time": "2022-12-18T07:00:52.163Z", "user": 1, "content_type": 10, "object_id": "4", "object_repr": "Tandoori Chicken", "action_flag": 1, "change_message": "[{\"added\": {}}]"}}, {"model": "admin.logentry", "pk": 12, "fields": {"action_time": "2022-12-18T07:01:29.460Z", "user": 1, "content_type": 10, "object_id": "5", "object_repr": "Pan Fried chicken", "action_flag": 1, "change_message": "[{\"added\": {}}]"}}, {"model": "admin.logentry", "pk": 13, "fields": {"action_time": "2022-12-18T07:01:56.788Z", "user": 1, "content_type": 10, "object_id": "6", "object_repr": "Italian Pizza", "action_flag": 1, "change_message": "[{\"added\": {}}]"}}, {"model": "admin.logentry", "pk": 14, "fields": {"action_time": "2022-12-18T07:02:35.299Z", "user": 1, "content_type": 10, "object_id": "7", "object_repr": "veg pizza", "action_flag": 1, "change_message": "[{\"added\": {}}]"}}, {"model": "admin.logentry", "pk": 15, "fields": {"action_time": "2022-12-18T17:38:31.026Z", "user": 1, "content_type": 8, "object_id": "2", "object_repr": "GreatKart", "action_flag": 2, "change_message": "[{\"changed\": {\"fields\": [\"Is approved\"]}}]"}}, {"model": "admin.logentry", "pk": 16, "fields": {"action_time": "2023-01-03T12:31:12.653Z", "user": 1, "content_type": 6, "object_id": "6", "object_repr": "firstrestaurant@gmail.com", "action_flag": 2, "change_message": "[{\"changed\": {\"fields\": [\"Is active\"]}}]"}}, {"model": "admin.logentry", "pk": 17, "fields": {"action_time": "2023-01-03T13:08:41.502Z", "user": 1, "content_type": 8, "object_id": "3", "object_repr": "First Restaurant", "action_flag": 2, "change_message": "[{\"changed\": {\"fields\": [\"Is approved\"]}}]"}}, {"model": "admin.logentry", "pk": 18, "fields": {"action_time": "2023-01-03T13:25:36.344Z", "user": 1, "content_type": 6, "object_id": "7", "object_repr": "", "action_flag": 1, "change_message": "[{\"added\": {}}]"}}, {"model": "admin.logentry", "pk": 19, "fields": {"action_time": "2023-01-03T13:26:18.160Z", "user": 1, "content_type": 6, "object_id": "7", "object_repr": "secondrestaurant@gmail.com", "action_flag": 2, "change_message": "[{\"changed\": {\"fields\": [\"First name\", \"Last name\", \"Email\", \"Role\", \"Is active\"]}}]"}}, {"model": "admin.logentry", "pk": 20, "fields": {"action_time": "2023-01-03T13:27:01.516Z", "user": 1, "content_type": 6, "object_id": "7", "object_repr": "secondrestaurant@gmail.com", "action_flag": 3, "change_message": ""}}, {"model": "admin.logentry", "pk": 21, "fields": {"action_time": "2023-01-03T13:28:32.979Z", "user": 1, "content_type": 6, "object_id": "8", "object_repr": "secondrestaurant@gmail.com", "action_flag": 2, "change_message": "[{\"changed\": {\"fields\": [\"Is active\"]}}]"}}, {"model": "admin.logentry", "pk": 22, "fields": {"action_time": "2023-01-03T13:28:53.524Z", "user": 1, "content_type": 8, "object_id": "4", "object_repr": "second restaurant", "action_flag": 2, "change_message": "[{\"changed\": {\"fields\": [\"Is approved\"]}}]"}}, {"model": "admin.logentry", "pk": 23, "fields": {"action_time": "2023-01-03T13:36:08.947Z", "user": 1, "content_type": 6, "object_id": "9", "object_repr": "thirdrestaurant@gmail.com", "action_flag": 2, "change_message": "[{\"changed\": {\"fields\": [\"Is active\"]}}]"}}, {"model": "admin.logentry", "pk": 24, "fields": {"action_time": "2023-01-03T13:36:31.557Z", "user": 1, "content_type": 8, "object_id": "5", "object_repr": "third restaurant", "action_flag": 2, "change_message": "[{\"changed\": {\"fields\": [\"Is approved\"]}}]"}}, {"model": "admin.logentry", "pk": 25, "fields": {"action_time": "2023-01-06T04:25:48.442Z", "user": 1, "content_type": 7, "object_id": "4", "object_repr": "vendorfood13@gmail.com", "action_flag": 2, "change_message": "[]"}}, {"model": "admin.logentry", "pk": 26, "fields": {"action_time": "2023-01-06T04:26:47.031Z", "user": 1, "content_type": 7, "object_id": "5", "object_repr": "greatkart01@gmail.com", "action_flag": 2, "change_message": "[]"}}, {"model": "admin.logentry", "pk": 27, "fields": {"action_time": "2023-01-06T04:26:59.700Z", "user": 1, "content_type": 7, "object_id": "6", "object_repr": "firstrestaurant@gmail.com", "action_flag": 2, "change_message": "[]"}}, {"model": "admin.logentry", "pk": 28, "fields": {"action_time": "2023-01-06T04:27:09.515Z", "user": 1, "content_type": 7, "object_id": "8", "object_repr": "secondrestaurant@gmail.com", "action_flag": 2, "change_message": "[]"}}, {"model": "admin.logentry", "pk": 29, "fields": {"action_time": "2023-01-06T04:27:15.120Z", "user": 1, "content_type": 7, "object_id": "9", "object_repr": "thirdrestaurant@gmail.com", "action_flag": 2, "change_message": "[]"}}, {"model": "admin.logentry", "pk": 30, "fields": {"action_time": "2023-01-09T10:37:50.822Z", "user": 1, "content_type": 12, "object_id": "1", "object_repr": "OpeningHour object (1)", "action_flag": 1, "change_message": "[{\"added\": {}}]"}}, {"model": "admin.logentry", "pk": 31, "fields": {"action_time": "2023-01-17T14:09:46.188Z", "user": 1, "content_type": 13, "object_id": "1", "object_repr": "CGST", "action_flag": 1, "change_message": "[{\"added\": {}}]"}}, {"model": "admin.logentry", "pk": 32, "fields": {"action_time": "2023-01-17T14:09:56.483Z", "user": 1, "content_type": 13, "object_id": "2", "object_repr": "SGST", "action_flag": 1, "change_message": "[{\"added\": {}}]"}}, {"model": "admin.logentry", "pk": 33, "fields": {"action_time": "2023-01-19T12:54:54.169Z", "user": 1, "content_type": 7, "object_id": "3", "object_repr": "sanya0639.be20@chitkara.edu.in", "action_flag": 2, "change_message": "[{\"changed\": {\"fields\": [\"Country\", \"State\", \"City\"]}}]"}}, {"model": "admin.logentry", "pk": 34, "fields": {"action_time": "2023-01-19T12:59:08.599Z", "user": 1, "content_type": 6, "object_id": "3", "object_repr": "sanya0639.be20@chitkara.edu.in", "action_flag": 2, "change_message": "[{\"changed\": {\"fields\": [\"Phone number\"]}}]"}}, {"model": "admin.logentry", "pk": 35, "fields": {"action_time": "2023-01-24T10:38:39.399Z", "user": 1, "content_type": 16, "object_id": "29", "object_repr": "202301241629", "action_flag": 3, "change_message": ""}}, {"model": "admin.logentry", "pk": 36, "fields": {"action_time": "2023-01-24T10:38:39.403Z", "user": 1, "content_type": 16, "object_id": "28", "object_repr": "202301241628", "action_flag": 3, "change_message": ""}}, {"model": "admin.logentry", "pk": 37, "fields": {"action_time": "2023-01-24T10:38:39.404Z", "user": 1, "content_type": 16, "object_id": "27", "object_repr": "202301241627", "action_flag": 3, "change_message": ""}}, {"model": "admin.logentry", "pk": 38, "fields": {"action_time": "2023-01-28T01:42:53.500Z", "user": 1, "content_type": 16, "object_id": "57", "object_repr": "202301260857", "action_flag": 3, "change_message": ""}}, {"model": "admin.logentry", "pk": 39, "fields": {"action_time": "2023-01-28T01:42:53.505Z", "user": 1, "content_type": 16, "object_id": "56", "object_repr": "202301260856", "action_flag": 3, "change_message": ""}}, {"model": "admin.logentry", "pk": 40, "fields": {"action_time": "2023-01-28T01:42:53.505Z", "user": 1, "content_type": 16, "object_id": "55", "object_repr": "202301260755", "action_flag": 3, "change_message": ""}}, {"model": "admin.logentry", "pk": 41, "fields": {"action_time": "2023-01-28T01:42:53.506Z", "user": 1, "content_type": 16, "object_id": "54", "object_repr": "202301260754", "action_flag": 3, "change_message": ""}}, {"model": "admin.logentry", "pk": 42, "fields": {"action_time": "2023-01-28T01:42:53.506Z", "user": 1, "content_type": 16, "object_id": "53", "object_repr": "202301260753", "action_flag": 3, "change_message": ""}}, {"model": "admin.logentry", "pk": 43, "fields": {"action_time": "2023-01-28T01:42:53.507Z", "user": 1, "content_type": 16, "object_id": "52", "object_repr": "202301260752", "action_flag": 3, "change_message": ""}}, {"model": "admin.logentry", "pk": 44, "fields": {"action_time": "2023-01-28T01:42:53.508Z", "user": 1, "content_type": 16, "object_id": "51", "object_repr": "202301260751", "action_flag": 3, "change_message": ""}}, {"model": "admin.logentry", "pk": 45, "fields": {"action_time": "2023-01-28T01:42:53.509Z", "user": 1, "content_type": 16, "object_id": "50", "object_repr": "202301260750", "action_flag": 3, "change_message": ""}}, {"model": "admin.logentry", "pk": 46, "fields": {"action_time": "2023-01-28T01:42:53.509Z", "user": 1, "content_type": 16, "object_id": "49", "object_repr": "202301260749", "action_flag": 3, "change_message": ""}}, {"model": "admin.logentry", "pk": 47, "fields": {"action_time": "2023-01-28T01:42:53.510Z", "user": 1, "content_type": 16, "object_id": "48", "object_repr": "202301260748", "action_flag": 3, "change_message": ""}}, {"model": "admin.logentry", "pk": 48, "fields": {"action_time": "2023-01-28T01:42:53.510Z", "user": 1, "content_type": 16, "object_id": "47", "object_repr": "202301260747", "action_flag": 3, "change_message": ""}}, {"model": "admin.logentry", "pk": 49, "fields": {"action_time": "2023-01-28T01:42:53.511Z", "user": 1, "content_type": 16, "object_id": "46", "object_repr": "202301260746", "action_flag": 3, "change_message": ""}}, {"model": "admin.logentry", "pk": 50, "fields": {"action_time": "2023-01-28T01:42:53.512Z", "user": 1, "content_type": 16, "object_id": "45", "object_repr": "202301251345", "action_flag": 3, "change_message": ""}}, {"model": "admin.logentry", "pk": 51, "fields": {"action_time": "2023-01-28T01:42:53.512Z", "user": 1, "content_type": 16, "object_id": "44", "object_repr": "202301251244", "action_flag": 3, "change_message": ""}}, {"model": "admin.logentry", "pk": 52, "fields": {"action_time": "2023-01-28T01:42:53.513Z", "user": 1, "content_type": 16, "object_id": "43", "object_repr": "202301251243", "action_flag": 3, "change_message": ""}}, {"model": "admin.logentry", "pk": 53, "fields": {"action_time": "2023-01-28T01:42:53.513Z", "user": 1, "content_type": 16, "object_id": "42", "object_repr": "202301251242", "action_flag": 3, "change_message": ""}}, {"model": "admin.logentry", "pk": 54, "fields": {"action_time": "2023-01-28T01:42:53.514Z", "user": 1, "content_type": 16, "object_id": "41", "object_repr": "202301251241", "action_flag": 3, "change_message": ""}}, {"model": "admin.logentry", "pk": 55, "fields": {"action_time": "2023-01-28T01:42:53.514Z", "user": 1, "content_type": 16, "object_id": "40", "object_repr": "202301251240", "action_flag": 3, "change_message": ""}}, {"model": "admin.logentry", "pk": 56, "fields": {"action_time": "2023-01-28T01:42:53.515Z", "user": 1, "content_type": 16, "object_id": "39", "object_repr": "202301251239", "action_flag": 3, "change_message": ""}}, {"model": "admin.logentry", "pk": 57, "fields": {"action_time": "2023-01-28T01:42:53.516Z", "user": 1, "content_type": 16, "object_id": "38", "object_repr": "202301251238", "action_flag": 3, "change_message": ""}}, {"model": "admin.logentry", "pk": 58, "fields": {"action_time": "2023-01-28T01:42:53.517Z", "user": 1, "content_type": 16, "object_id": "37", "object_repr": "202301251237", "action_flag": 3, "change_message": ""}}, {"model": "admin.logentry", "pk": 59, "fields": {"action_time": "2023-01-28T01:42:53.518Z", "user": 1, "content_type": 16, "object_id": "36", "object_repr": "202301251236", "action_flag": 3, "change_message": ""}}, {"model": "admin.logentry", "pk": 60, "fields": {"action_time": "2023-01-28T01:42:53.518Z", "user": 1, "content_type": 16, "object_id": "35", "object_repr": "202301251135", "action_flag": 3, "change_message": ""}}, {"model": "admin.logentry", "pk": 61, "fields": {"action_time": "2023-01-28T01:42:53.519Z", "user": 1, "content_type": 16, "object_id": "34", "object_repr": "202301241634", "action_flag": 3, "change_message": ""}}, {"model": "admin.logentry", "pk": 62, "fields": {"action_time": "2023-01-28T01:42:53.520Z", "user": 1, "content_type": 16, "object_id": "33", "object_repr": "202301241633", "action_flag": 3, "change_message": ""}}, {"model": "admin.logentry", "pk": 63, "fields": {"action_time": "2023-01-28T01:42:53.520Z", "user": 1, "content_type": 16, "object_id": "32", "object_repr": "202301241632", "action_flag": 3, "change_message": ""}}, {"model": "admin.logentry", "pk": 64, "fields": {"action_time": "2023-01-28T01:42:53.521Z", "user": 1, "content_type": 16, "object_id": "31", "object_repr": "202301241631", "action_flag": 3, "change_message": ""}}, {"model": "admin.logentry", "pk": 65, "fields": {"action_time": "2023-01-28T01:42:53.522Z", "user": 1, "content_type": 16, "object_id": "30", "object_repr": "202301241630", "action_flag": 3, "change_message": ""}}, {"model": "admin.logentry", "pk": 66, "fields": {"action_time": "2023-01-28T01:42:53.522Z", "user": 1, "content_type": 16, "object_id": "26", "object_repr": "202301241126", "action_flag": 3, "change_message": ""}}, {"model": "admin.logentry", "pk": 67, "fields": {"action_time": "2023-01-28T01:42:53.523Z", "user": 1, "content_type": 16, "object_id": "25", "object_repr": "202301240025", "action_flag": 3, "change_message": ""}}, {"model": "admin.logentry", "pk": 68, "fields": {"action_time": "2023-01-28T01:42:53.523Z", "user": 1, "content_type": 16, "object_id": "24", "object_repr": "202301240024", "action_flag": 3, "change_message": ""}}, {"model": "admin.logentry", "pk": 69, "fields": {"action_time": "2023-01-28T01:42:53.524Z", "user": 1, "content_type": 16, "object_id": "23", "object_repr": "202301240023", "action_flag": 3, "change_message": ""}}, {"model": "admin.logentry", "pk": 70, "fields": {"action_time": "2023-01-28T01:42:53.525Z", "user": 1, "content_type": 16, "object_id": "22", "object_repr": "202301240022", "action_flag": 3, "change_message": ""}}, {"model": "admin.logentry", "pk": 71, "fields": {"action_time": "2023-01-28T01:42:53.526Z", "user": 1, "content_type": 16, "object_id": "21", "object_repr": "202301240021", "action_flag": 3, "change_message": ""}}, {"model": "admin.logentry", "pk": 72, "fields": {"action_time": "2023-01-28T01:42:53.526Z", "user": 1, "content_type": 16, "object_id": "20", "object_repr": "202301232320", "action_flag": 3, "change_message": ""}}, {"model": "admin.logentry", "pk": 73, "fields": {"action_time": "2023-01-28T01:42:53.527Z", "user": 1, "content_type": 16, "object_id": "19", "object_repr": "202301232319", "action_flag": 3, "change_message": ""}}, {"model": "admin.logentry", "pk": 74, "fields": {"action_time": "2023-01-28T01:42:53.528Z", "user": 1, "content_type": 16, "object_id": "18", "object_repr": "202301232318", "action_flag": 3, "change_message": ""}}, {"model": "admin.logentry", "pk": 75, "fields": {"action_time": "2023-01-28T01:42:53.528Z", "user": 1, "content_type": 16, "object_id": "17", "object_repr": "202301232317", "action_flag": 3, "change_message": ""}}, {"model": "admin.logentry", "pk": 76, "fields": {"action_time": "2023-01-28T01:42:53.529Z", "user": 1, "content_type": 16, "object_id": "16", "object_repr": "202301232316", "action_flag": 3, "change_message": ""}}, {"model": "admin.logentry", "pk": 77, "fields": {"action_time": "2023-01-28T01:42:53.530Z", "user": 1, "content_type": 16, "object_id": "15", "object_repr": "202301232315", "action_flag": 3, "change_message": ""}}, {"model": "admin.logentry", "pk": 78, "fields": {"action_time": "2023-01-28T01:42:53.530Z", "user": 1, "content_type": 16, "object_id": "14", "object_repr": "202301232314", "action_flag": 3, "change_message": ""}}, {"model": "admin.logentry", "pk": 79, "fields": {"action_time": "2023-01-28T01:42:53.531Z", "user": 1, "content_type": 16, "object_id": "13", "object_repr": "202301232313", "action_flag": 3, "change_message": ""}}, {"model": "admin.logentry", "pk": 80, "fields": {"action_time": "2023-01-28T01:42:53.532Z", "user": 1, "content_type": 16, "object_id": "12", "object_repr": "202301232312", "action_flag": 3, "change_message": ""}}, {"model": "admin.logentry", "pk": 81, "fields": {"action_time": "2023-01-28T01:42:53.534Z", "user": 1, "content_type": 16, "object_id": "11", "object_repr": "202301232311", "action_flag": 3, "change_message": ""}}, {"model": "admin.logentry", "pk": 82, "fields": {"action_time": "2023-01-28T01:42:53.535Z", "user": 1, "content_type": 16, "object_id": "10", "object_repr": "202301232310", "action_flag": 3, "change_message": ""}}, {"model": "admin.logentry", "pk": 83, "fields": {"action_time": "2023-01-28T01:42:53.536Z", "user": 1, "content_type": 16, "object_id": "9", "object_repr": "20230123239", "action_flag": 3, "change_message": ""}}, {"model": "admin.logentry", "pk": 84, "fields": {"action_time": "2023-01-28T01:42:53.536Z", "user": 1, "content_type": 16, "object_id": "8", "object_repr": "20230123238", "action_flag": 3, "change_message": ""}}, {"model": "admin.logentry", "pk": 85, "fields": {"action_time": "2023-01-28T01:42:53.537Z", "user": 1, "content_type": 16, "object_id": "7", "object_repr": "20230123227", "action_flag": 3, "change_message": ""}}, {"model": "admin.logentry", "pk": 86, "fields": {"action_time": "2023-01-28T01:42:53.537Z", "user": 1, "content_type": 16, "object_id": "6", "object_repr": "20230123216", "action_flag": 3, "change_message": ""}}, {"model": "admin.logentry", "pk": 87, "fields": {"action_time": "2023-01-28T01:42:53.538Z", "user": 1, "content_type": 16, "object_id": "5", "object_repr": "20230121175", "action_flag": 3, "change_message": ""}}, {"model": "admin.logentry", "pk": 88, "fields": {"action_time": "2023-01-28T01:42:53.538Z", "user": 1, "content_type": 16, "object_id": "4", "object_repr": "20230121174", "action_flag": 3, "change_message": ""}}, {"model": "admin.logentry", "pk": 89, "fields": {"action_time": "2023-01-28T01:42:53.539Z", "user": 1, "content_type": 16, "object_id": "3", "object_repr": "20230121163", "action_flag": 3, "change_message": ""}}, {"model": "admin.logentry", "pk": 90, "fields": {"action_time": "2023-01-28T01:42:53.539Z", "user": 1, "content_type": 16, "object_id": "2", "object_repr": "20230121162", "action_flag": 3, "change_message": ""}}, {"model": "admin.logentry", "pk": 91, "fields": {"action_time": "2023-01-28T01:42:53.539Z", "user": 1, "content_type": 16, "object_id": "1", "object_repr": "123", "action_flag": 3, "change_message": ""}}, {"model": "admin.logentry", "pk": 92, "fields": {"action_time": "2023-01-28T01:44:12.368Z", "user": 1, "content_type": 16, "object_id": "58", "object_repr": "12345", "action_flag": 1, "change_message": "[{\"added\": {}}]"}}, {"model": "admin.logentry", "pk": 93, "fields": {"action_time": "2023-01-28T02:17:24.212Z", "user": 1, "content_type": 16, "object_id": "59", "object_repr": "3456", "action_flag": 1, "change_message": "[{\"added\": {}}]"}}, {"model": "admin.logentry", "pk": 94, "fields": {"action_time": "2023-01-29T02:31:12.832Z", "user": 1, "content_type": 16, "object_id": "62", "object_repr": "202301290862", "action_flag": 3, "change_message": ""}}, {"model": "admin.logentry", "pk": 95, "fields": {"action_time": "2023-01-29T02:31:12.837Z", "user": 1, "content_type": 16, "object_id": "60", "object_repr": "202301290760", "action_flag": 3, "change_message": ""}}, {"model": "admin.logentry", "pk": 96, "fields": {"action_time": "2023-01-29T02:31:12.839Z", "user": 1, "content_type": 16, "object_id": "59", "object_repr": "3456", "action_flag": 3, "change_message": ""}}, {"model": "admin.logentry", "pk": 97, "fields": {"action_time": "2023-01-29T02:31:12.843Z", "user": 1, "content_type": 16, "object_id": "58", "object_repr": "12345", "action_flag": 3, "change_message": ""}}, {"model": "admin.logentry", "pk": 98, "fields": {"action_time": "2023-03-02T16:37:32.430Z", "user": 1, "content_type": 10, "object_id": "21", "object_repr": "burger3", "action_flag": 2, "change_message": "[{\"changed\": {\"fields\": [\"Slug\"]}}]"}}, {"model": "admin.logentry", "pk": 99, "fields": {"action_time": "2023-03-02T16:38:00.720Z", "user": 1, "content_type": 10, "object_id": "21", "object_repr": "burger3", "action_flag": 3, "change_message": ""}}, {"model": "admin.logentry", "pk": 100, "fields": {"action_time": "2023-03-02T16:38:00.723Z", "user": 1, "content_type": 10, "object_id": "17", "object_repr": "steam rice", "action_flag": 3, "change_message": ""}}, {"model": "admin.logentry", "pk": 101, "fields": {"action_time": "2023-03-02T16:38:00.724Z", "user": 1, "content_type": 10, "object_id": "16", "object_repr": "family pizza", "action_flag": 3, "change_message": ""}}, {"model": "admin.logentry", "pk": 102, "fields": {"action_time": "2023-03-02T16:38:00.725Z", "user": 1, "content_type": 10, "object_id": "15", "object_repr": "rice bowl", "action_flag": 3, "change_message": ""}}, {"model": "admin.logentry", "pk": 103, "fields": {"action_time": "2023-03-02T16:38:00.726Z", "user": 1, "content_type": 10, "object_id": "14", "object_repr": "chocolate pastry", "action_flag": 3, "change_message": ""}}, {"model": "admin.logentry", "pk": 104, "fields": {"action_time": "2023-03-02T16:38:00.726Z", "user": 1, "content_type": 10, "object_id": "13", "object_repr": "pizza test", "action_flag": 3, "change_message": ""}}, {"model": "admin.logentry", "pk": 105, "fields": {"action_time": "2023-03-02T16:38:00.727Z", "user": 1, "content_type": 10, "object_id": "12", "object_repr": "lemon chicken", "action_flag": 3, "change_message": ""}}, {"model": "admin.logentry", "pk": 106, "fields": {"action_time": "2023-03-02T16:38:00.728Z", "user": 1, "content_type": 10, "object_id": "11", "object_repr": "chicken test", "action_flag": 3, "change_message": ""}}, {"model": "admin.logentry", "pk": 107, "fields": {"action_time": "2023-03-02T16:38:00.729Z", "user": 1, "content_type": 10, "object_id": "9", "object_repr": "tuna fish", "action_flag": 3, "change_message": ""}}, {"model": "admin.logentry", "pk": 108, "fields": {"action_time": "2023-03-02T16:38:00.729Z", "user": 1, "content_type": 10, "object_id": "8", "object_repr": "strawberry ice cream", "action_flag": 3, "change_message": ""}}, {"model": "admin.logentry", "pk": 109, "fields": {"action_time": "2023-03-02T16:38:00.730Z", "user": 1, "content_type": 10, "object_id": "7", "object_repr": "veg pizza", "action_flag": 3, "change_message": ""}}, {"model": "admin.logentry", "pk": 110, "fields": {"action_time": "2023-03-02T16:38:00.731Z", "user": 1, "content_type": 10, "object_id": "6", "object_repr": "Italian Pizza", "action_flag": 3, "change_message": ""}}, {"model": "admin.logentry", "pk": 111, "fields": {"action_time": "2023-03-02T16:38:00.732Z", "user": 1, "content_type": 10, "object_id": "5", "object_repr": "Pan Fried chicken", "action_flag": 3, "change_message": ""}}, {"model": "admin.logentry", "pk": 112, "fields": {"action_time": "2023-03-02T16:38:00.732Z", "user": 1, "content_type": 10, "object_id": "4", "object_repr": "Tandoori Chicken", "action_flag": 3, "change_message": ""}}, {"model": "admin.logentry", "pk": 113, "fields": {"action_time": "2023-03-02T16:38:00.733Z", "user": 1, "content_type": 10, "object_id": "3", "object_repr": "Sea food one", "action_flag": 3, "change_message": ""}}, {"model": "admin.logentry", "pk": 114, "fields": {"action_time": "2023-03-02T16:38:00.734Z", "user": 1, "content_type": 10, "object_id": "2", "object_repr": "Burger2", "action_flag": 3, "change_message": ""}}, {"model": "admin.logentry", "pk": 115, "fields": {"action_time": "2023-03-02T16:38:00.734Z", "user": 1, "content_type": 10, "object_id": "1", "object_repr": "Burger1", "action_flag": 3, "change_message": ""}}, {"model": "admin.logentry", "pk": 116, "fields": {"action_time": "2023-03-02T16:40:13.916Z", "user": 1, "content_type": 10, "object_id": "24", "object_repr": "panburger", "action_flag": 1, "change_message": "[{\"added\": {}}]"}}, {"model": "admin.logentry", "pk": 117, "fields": {"action_time": "2023-03-02T16:41:02.053Z", "user": 1, "content_type": 10, "object_id": "24", "object_repr": "panburger", "action_flag": 3, "change_message": ""}}, {"model": "admin.logentry", "pk": 118, "fields": {"action_time": "2023-03-02T16:41:54.712Z", "user": 1, "content_type": 10, "object_id": "25", "object_repr": "panburger", "action_flag": 1, "change_message": "[{\"added\": {}}]"}}, {"model": "admin.logentry", "pk": 119, "fields": {"action_time": "2023-03-02T16:46:45.866Z", "user": 1, "content_type": 10, "object_id": "25", "object_repr": "panburger", "action_flag": 2, "change_message": "[]"}}, {"model": "auth.permission", "pk": 1, "fields": {"name": "Can add log entry", "content_type": 1, "codename": "add_logentry"}}, {"model": "auth.permission", "pk": 2, "fields": {"name": "Can change log entry", "content_type": 1, "codename": "change_logentry"}}, {"model": "auth.permission", "pk": 3, "fields": {"name": "Can delete log entry", "content_type": 1, "codename": "delete_logentry"}}, {"model": "auth.permission", "pk": 4, "fields": {"name": "Can view log entry", "content_type": 1, "codename": "view_logentry"}}, {"model": "auth.permission", "pk": 5, "fields": {"name": "Can add permission", "content_type": 2, "codename": "add_permission"}}, {"model": "auth.permission", "pk": 6, "fields": {"name": "Can change permission", "content_type": 2, "codename": "change_permission"}}, {"model": "auth.permission", "pk": 7, "fields": {"name": "Can delete permission", "content_type": 2, "codename": "delete_permission"}}, {"model": "auth.permission", "pk": 8, "fields": {"name": "Can view permission", "content_type": 2, "codename": "view_permission"}}, {"model": "auth.permission", "pk": 9, "fields": {"name": "Can add group", "content_type": 3, "codename": "add_group"}}, {"model": "auth.permission", "pk": 10, "fields": {"name": "Can change group", "content_type": 3, "codename": "change_group"}}, {"model": "auth.permission", "pk": 11, "fields": {"name": "Can delete group", "content_type": 3, "codename": "delete_group"}}, {"model": "auth.permission", "pk": 12, "fields": {"name": "Can view group", "content_type": 3, "codename": "view_group"}}, {"model": "auth.permission", "pk": 13, "fields": {"name": "Can add content type", "content_type": 4, "codename": "add_contenttype"}}, {"model": "auth.permission", "pk": 14, "fields": {"name": "Can change content type", "content_type": 4, "codename": "change_contenttype"}}, {"model": "auth.permission", "pk": 15, "fields": {"name": "Can delete content type", "content_type": 4, "codename": "delete_contenttype"}}, {"model": "auth.permission", "pk": 16, "fields": {"name": "Can view content type", "content_type": 4, "codename": "view_contenttype"}}, {"model": "auth.permission", "pk": 17, "fields": {"name": "Can add session", "content_type": 5, "codename": "add_session"}}, {"model": "auth.permission", "pk": 18, "fields": {"name": "Can change session", "content_type": 5, "codename": "change_session"}}, {"model": "auth.permission", "pk": 19, "fields": {"name": "Can delete session", "content_type": 5, "codename": "delete_session"}}, {"model": "auth.permission", "pk": 20, "fields": {"name": "Can view session", "content_type": 5, "codename": "view_session"}}, {"model": "auth.permission", "pk": 21, "fields": {"name": "Can add user", "content_type": 6, "codename": "add_user"}}, {"model": "auth.permission", "pk": 22, "fields": {"name": "Can change user", "content_type": 6, "codename": "change_user"}}, {"model": "auth.permission", "pk": 23, "fields": {"name": "Can delete user", "content_type": 6, "codename": "delete_user"}}, {"model": "auth.permission", "pk": 24, "fields": {"name": "Can view user", "content_type": 6, "codename": "view_user"}}, {"model": "auth.permission", "pk": 25, "fields": {"name": "Can add user profile", "content_type": 7, "codename": "add_userprofile"}}, {"model": "auth.permission", "pk": 26, "fields": {"name": "Can change user profile", "content_type": 7, "codename": "change_userprofile"}}, {"model": "auth.permission", "pk": 27, "fields": {"name": "Can delete user profile", "content_type": 7, "codename": "delete_userprofile"}}, {"model": "auth.permission", "pk": 28, "fields": {"name": "Can view user profile", "content_type": 7, "codename": "view_userprofile"}}, {"model": "auth.permission", "pk": 29, "fields": {"name": "Can add vendor", "content_type": 8, "codename": "add_vendor"}}, {"model": "auth.permission", "pk": 30, "fields": {"name": "Can change vendor", "content_type": 8, "codename": "change_vendor"}}, {"model": "auth.permission", "pk": 31, "fields": {"name": "Can delete vendor", "content_type": 8, "codename": "delete_vendor"}}, {"model": "auth.permission", "pk": 32, "fields": {"name": "Can view vendor", "content_type": 8, "codename": "view_vendor"}}, {"model": "auth.permission", "pk": 33, "fields": {"name": "Can add category", "content_type": 9, "codename": "add_category"}}, {"model": "auth.permission", "pk": 34, "fields": {"name": "Can change category", "content_type": 9, "codename": "change_category"}}, {"model": "auth.permission", "pk": 35, "fields": {"name": "Can delete category", "content_type": 9, "codename": "delete_category"}}, {"model": "auth.permission", "pk": 36, "fields": {"name": "Can view category", "content_type": 9, "codename": "view_category"}}, {"model": "auth.permission", "pk": 37, "fields": {"name": "Can add food item", "content_type": 10, "codename": "add_fooditem"}}, {"model": "auth.permission", "pk": 38, "fields": {"name": "Can change food item", "content_type": 10, "codename": "change_fooditem"}}, {"model": "auth.permission", "pk": 39, "fields": {"name": "Can delete food item", "content_type": 10, "codename": "delete_fooditem"}}, {"model": "auth.permission", "pk": 40, "fields": {"name": "Can view food item", "content_type": 10, "codename": "view_fooditem"}}, {"model": "auth.permission", "pk": 41, "fields": {"name": "Can add cart", "content_type": 11, "codename": "add_cart"}}, {"model": "auth.permission", "pk": 42, "fields": {"name": "Can change cart", "content_type": 11, "codename": "change_cart"}}, {"model": "auth.permission", "pk": 43, "fields": {"name": "Can delete cart", "content_type": 11, "codename": "delete_cart"}}, {"model": "auth.permission", "pk": 44, "fields": {"name": "Can view cart", "content_type": 11, "codename": "view_cart"}}, {"model": "auth.permission", "pk": 45, "fields": {"name": "Can add opening hour", "content_type": 12, "codename": "add_openinghour"}}, {"model": "auth.permission", "pk": 46, "fields": {"name": "Can change opening hour", "content_type": 12, "codename": "change_openinghour"}}, {"model": "auth.permission", "pk": 47, "fields": {"name": "Can delete opening hour", "content_type": 12, "codename": "delete_openinghour"}}, {"model": "auth.permission", "pk": 48, "fields": {"name": "Can view opening hour", "content_type": 12, "codename": "view_openinghour"}}, {"model": "auth.permission", "pk": 49, "fields": {"name": "Can add tax", "content_type": 13, "codename": "add_tax"}}, {"model": "auth.permission", "pk": 50, "fields": {"name": "Can change tax", "content_type": 13, "codename": "change_tax"}}, {"model": "auth.permission", "pk": 51, "fields": {"name": "Can delete tax", "content_type": 13, "codename": "delete_tax"}}, {"model": "auth.permission", "pk": 52, "fields": {"name": "Can view tax", "content_type": 13, "codename": "view_tax"}}, {"model": "auth.permission", "pk": 53, "fields": {"name": "Can add payment", "content_type": 14, "codename": "add_payment"}}, {"model": "auth.permission", "pk": 54, "fields": {"name": "Can change payment", "content_type": 14, "codename": "change_payment"}}, {"model": "auth.permission", "pk": 55, "fields": {"name": "Can delete payment", "content_type": 14, "codename": "delete_payment"}}, {"model": "auth.permission", "pk": 56, "fields": {"name": "Can view payment", "content_type": 14, "codename": "view_payment"}}, {"model": "auth.permission", "pk": 57, "fields": {"name": "Can add ordered food", "content_type": 15, "codename": "add_orderedfood"}}, {"model": "auth.permission", "pk": 58, "fields": {"name": "Can change ordered food", "content_type": 15, "codename": "change_orderedfood"}}, {"model": "auth.permission", "pk": 59, "fields": {"name": "Can delete ordered food", "content_type": 15, "codename": "delete_orderedfood"}}, {"model": "auth.permission", "pk": 60, "fields": {"name": "Can view ordered food", "content_type": 15, "codename": "view_orderedfood"}}, {"model": "auth.permission", "pk": 61, "fields": {"name": "Can add order", "content_type": 16, "codename": "add_order"}}, {"model": "auth.permission", "pk": 62, "fields": {"name": "Can change order", "content_type": 16, "codename": "change_order"}}, {"model": "auth.permission", "pk": 63, "fields": {"name": "Can delete order", "content_type": 16, "codename": "delete_order"}}, {"model": "auth.permission", "pk": 64, "fields": {"name": "Can view order", "content_type": 16, "codename": "view_order"}}, {"model": "contenttypes.contenttype", "pk": 1, "fields": {"app_label": "admin", "model": "logentry"}}, {"model": "contenttypes.contenttype", "pk": 2, "fields": {"app_label": "auth", "model": "permission"}}, {"model": "contenttypes.contenttype", "pk": 3, "fields": {"app_label": "auth", "model": "group"}}, {"model": "contenttypes.contenttype", "pk": 4, "fields": {"app_label": "contenttypes", "model": "contenttype"}}, {"model": "contenttypes.contenttype", "pk": 5, "fields": {"app_label": "sessions", "model": "session"}}, {"model": "contenttypes.contenttype", "pk": 6, "fields": {"app_label": "accounts", "model": "user"}}, {"model": "contenttypes.contenttype", "pk": 7, "fields": {"app_label": "accounts", "model": "userprofile"}}, {"model": "contenttypes.contenttype", "pk": 8, "fields": {"app_label": "vendor", "model": "vendor"}}, {"model": "contenttypes.contenttype", "pk": 9, "fields": {"app_label": "menu", "model": "category"}}, {"model": "contenttypes.contenttype", "pk": 10, "fields": {"app_label": "menu", "model": "fooditem"}}, {"model": "contenttypes.contenttype", "pk": 11, "fields": {"app_label": "marketplace", "model": "cart"}}, {"model": "contenttypes.contenttype", "pk": 12, "fields": {"app_label": "vendor", "model": "openinghour"}}, {"model": "contenttypes.contenttype", "pk": 13, "fields": {"app_label": "marketplace", "model": "tax"}}, {"model": "contenttypes.contenttype", "pk": 14, "fields": {"app_label": "orders", "model": "payment"}}, {"model": "contenttypes.contenttype", "pk": 15, "fields": {"app_label": "orders", "model": "orderedfood"}}, {"model": "contenttypes.contenttype", "pk": 16, "fields": {"app_label": "orders", "model": "order"}}, {"model": "sessions.session", "pk": "0gkrv6ubfh73oioyg5wwx49t2sum3mjx", "fields": {"session_data": ".eJxVjEEOwiAQRe_C2pAyMhRcuvcMhGFAqgaS0q6MdzckXej2v_f-W_iwb8XvPa1-YXERSpx-NwrxmeoA_Aj13mRsdVsXkkORB-3y1ji9rof7d1BCL6MmjUYhIANnBGf1ZIJF0MQzTs64qJVFiwq0NZkphqzOimYkB6jBic8Xtj42kA:1pLxPt:rq1jXs8T9ZNqENCq_w0YWHWcmnyCv9nFGqBwSfu74Rg", "expire_date": "2023-02-12T02:27:37.953Z"}}, {"model": "sessions.session", "pk": "39r85ebqsv3m7gz6aojjc4f2sq5jyk4n", "fields": {"session_data": ".eJxVjEEOwiAQRe_C2pAyMhRcuvcMhGFAqgaS0q6MdzckXej2v_f-W_iwb8XvPa1-YXERSpx-NwrxmeoA_Aj13mRsdVsXkkORB-3y1ji9rof7d1BCL6MmjUYhIANnBGf1ZIJF0MQzTs64qJVFiwq0NZkphqzOimYkB6jBic8Xtj42kA:1pMBDr:UP25gLg9dTzB_MDachoQ8Mfz4CLcAXa3e4gB0NwaCkI", "expire_date": "2023-02-12T17:12:07.970Z"}}, {"model": "sessions.session", "pk": "3jo3igkj1ej4yzwxy4hphcbky4r8tfni", "fields": {"session_data": ".eJxVjEEOwiAQRe_C2pAyMhRcuvcMhGFAqgaS0q6MdzckXej2v_f-W_iwb8XvPa1-YXERSpx-NwrxmeoA_Aj13mRsdVsXkkORB-3y1ji9rof7d1BCL6MmjUYhIANnBGf1ZIJF0MQzTs64qJVFiwq0NZkphqzOimYkB6jBic8Xtj42kA:1pKCAv:jUy27MgqLOceKVNbkOPe6Iy5_0JvbMYMHiaI3oJxv9w", "expire_date": "2023-02-07T05:48:53.062Z"}}, {"model": "sessions.session", "pk": "4drgvgfievyb0szn74jae2mz36nfadfj", "fields": {"session_data": ".eJxVjEEOwiAQRe_C2pAyMhRcuvcMhGFAqgaS0q6MdzckXej2v_f-W_iwb8XvPa1-YXERSpx-NwrxmeoA_Aj13mRsdVsXkkORB-3y1ji9rof7d1BCL6MmjUYhIANnBGf1ZIJF0MQzTs64qJVFiwq0NZkphqzOimYkB6jBic8Xtj42kA:1pJC0m:8I3ScYvkbmSoSuZivAG9qWdLxsKfsJlkmMw6ZB4zg8c", "expire_date": "2023-02-04T11:26:16.997Z"}}, {"model": "sessions.session", "pk": "510hdjzhkhiztj2t76pst5psvy695ggu", "fields": {"session_data": ".eJxVjEEOwiAQRe_C2pAyMhRcuvcMhGFAqgaS0q6MdzckXej2v_f-W_iwb8XvPa1-YXERSpx-NwrxmeoA_Aj13mRsdVsXkkORB-3y1ji9rof7d1BCL6MmjUYhIANnBGf1ZIJF0MQzTs64qJVFiwq0NZkphqzOimYkB6jBic8Xtj42kA:1p3glp:2QhHbCnM8i4Nbv8QW02pDO75KVtvePjfxNFYMhhfwO4", "expire_date": "2022-12-23T17:02:45.077Z"}}, {"model": "sessions.session", "pk": "5lu03wly8tqxlmcwukg5ebhx6ge8mhex", "fields": {"session_data": "eyJsYXQiOiIzMC41MTQ4MjQ5IiwibG5nIjoiNzYuNjYyMjAxMyJ9:1pEKuv:p2c8tLq_Iqx6GQMCPr1RduOUwKo6UrAc1CtVanQncTw", "expire_date": "2023-01-22T01:56:09.976Z"}}, {"model": "sessions.session", "pk": "6jug6bdmbaqekixw33duoslqfjz6qbf3", "fields": {"session_data": ".eJxVjDsOwyAQRO9CHSFhMJ-U6XMGtOwuwUmEJWNXVu4eLLlIminevJldRNjWErfGS5xIXIURl1-WAF9cj4KeUB-zxLmuy5TkocizbfI-E79vp_t3UKCVvnYaR1ZZuUQJAniXB63R6zz2MBYtak6sQyBwxOhth8EoGjgrk5jF5wv71Tiq:1pzb7N:xd7aLhjAOn0YUvTO2bOs4q1_mhd-eCoTYth-R_ZwToU", "expire_date": "2023-06-01T10:44:21.785Z"}}, {"model": "sessions.session", "pk": "6nb146fbbzz3ibxbjobg2hwple4kltjs", "fields": {"session_data": ".eJxVjEEOwiAQRe_C2pAyMhRcuvcMhGFAqgaS0q6MdzckXej2v_f-W_iwb8XvPa1-YXERSpx-NwrxmeoA_Aj13mRsdVsXkkORB-3y1ji9rof7d1BCL6MmjUYhIANnBGf1ZIJF0MQzTs64qJVFiwq0NZkphqzOimYkB6jBic8Xtj42kA:1pKHB7:gUT1nA-BmomaIYmZaFUk1N42E1S486QeLWOGzNyutvs", "expire_date": "2023-02-07T11:09:25.641Z"}}, {"model": "sessions.session", "pk": "7at0m805ybmmqv1caper4gn5hinda2rp", "fields": {"session_data": ".eJxVjDsOgzAQRO_iOrLWLKxxyvScAa3XNpAgI_Gpotw9RqKhnHlv5qtm3tVTIejG1FY91JyHki1poso07qx6PvaxP7a49lMokO6dZ_nEfILw5jwsWpa8r5PXp6IvuuluCXF-Xe7tYORtLOuISVJLwOjJJm8IjDBxSMCRbQU1EohIYOexRe8wVlgzeyjcNOzU7w_heECY:1q1Nj1:SiMiPQa24UMmxbvrBMU--qyZ5Tej8LrwBLTuQOcaL-s", "expire_date": "2023-06-06T08:50:35.034Z"}}, {"model": "sessions.session", "pk": "dwipb0h02o14cu675ep3u93zwy787e68", "fields": {"session_data": ".eJxVjEEOwiAQRe_C2pAyMhRcuvcMhGFAqgaS0q6MdzckXej2v_f-W_iwb8XvPa1-YXERSpx-NwrxmeoA_Aj13mRsdVsXkkORB-3y1ji9rof7d1BCL6MmjUYhIANnBGf1ZIJF0MQzTs64qJVFiwq0NZkphqzOimYkB6jBic8Xtj42kA:1pLal5:xkSF4A9SyLAYrWwkh0OD_DfdZKgvQJn2sSloXVlDpuw", "expire_date": "2023-02-11T02:15:59.804Z"}}, {"model": "sessions.session", "pk": "gnotsvl2fxs771q30s4591j4ge5g3akv", "fields": {"session_data": ".eJxVjEEOwiAQRe_C2pAyMhRcuvcMhGFAqgaS0q6MdzckXej2v_f-W_iwb8XvPa1-YXERSpx-NwrxmeoA_Aj13mRsdVsXkkORB-3y1ji9rof7d1BCL6MmjUYhIANnBGf1ZIJF0MQzTs64qJVFiwq0NZkphqzOimYkB6jBic8Xtj42kA:1pKGfQ:aatLwpK7Hz_bqlPS5TsULTZw-gNL1rMyGoG2QqgKd84", "expire_date": "2023-02-07T10:36:40.297Z"}}, {"model": "sessions.session", "pk": "gxoxlbu1t30k8ks3rpik3qa8cu4aahwx", "fields": {"session_data": ".eJxVjDsOwyAQRO9CHSFhMJ-U6XMGtOwuwUmEJWNXVu4eLLlIminevJldRNjWErfGS5xIXIURl1-WAF9cj4KeUB-zxLmuy5TkocizbfI-E79vp_t3UKCVvnYaR1ZZuUQJAniXB63R6zz2MBYtak6sQyBwxOhth8EoGjgrk5jF5wv71Tiq:1p7KmH:OiCHS636tkJXYoXl4hUq-pXVvIu0u9k2UhlFsJEOUao", "expire_date": "2023-01-02T18:22:17.658Z"}}, {"model": "sessions.session", "pk": "i6vxy0s6oqtqlsldwtl7ce4kexzke7va", "fields": {"session_data": ".eJxVjEEOwiAQRe_C2pAyMhRcuvcMhGFAqgaS0q6MdzckXej2v_f-W_iwb8XvPa1-YXERSpx-NwrxmeoA_Aj13mRsdVsXkkORB-3y1ji9rof7d1BCL6MmjUYhIANnBGf1ZIJF0MQzTs64qJVFiwq0NZkphqzOimYkB6jBic8Xtj42kA:1pMrqa:UrpRrr9tnlNYg4DDAqvPKX-C_dLsxRd7lyIjYIEb3JM", "expire_date": "2023-02-14T14:42:56.841Z"}}, {"model": "sessions.session", "pk": "iav5mxjh6o97llng8vodpo7pbb9oqze1", "fields": {"session_data": ".eJxVjMEOwiAQRP-FsyEskC569O43EJZlpWpoUtqT8d9tkx70OPPezFvFtC41rr3McWR1UU6dfjtK-VnaDviR2n3SeWrLPJLeFX3Qrm8Tl9f1cP8Oaup1W3tCJJTBFCHrBT2BI7AGASyzBSILJTGRycahw3MOMmzJgUiwEtTnC-goOBU:1piaes:gUsAU3q1U1L-mMdLGieGdGWXBpyAQ0ab-hZ0T08Yw60", "expire_date": "2023-04-15T12:48:38.995Z"}}, {"model": "sessions.session", "pk": "iwywd03q5d4qgwvsnblyf16y3pizeq1t", "fields": {"session_data": ".eJxVjEEOwiAQRe_C2pAyMhRcuvcMhGFAqgaS0q6MdzckXej2v_f-W_iwb8XvPa1-YXERSpx-NwrxmeoA_Aj13mRsdVsXkkORB-3y1ji9rof7d1BCL6MmjUYhIANnBGf1ZIJF0MQzTs64qJVFiwq0NZkphqzOimYkB6jBic8Xtj42kA:1pXmHA:WxPEYgkhDBPvxRi5AuW9eqYlA2lJpOX8nAf6ym7r7ak", "expire_date": "2023-03-16T16:59:28.023Z"}}, {"model": "sessions.session", "pk": "khfxq7qn1glak8k7yywj6svss8wv76iw", "fields": {"session_data": ".eJxVjEEOwiAQRe_C2pAyMhRcuvcMhGFAqgaS0q6MdzckXej2v_f-W_iwb8XvPa1-YXERSpx-NwrxmeoA_Aj13mRsdVsXkkORB-3y1ji9rof7d1BCL6MmjUYhIANnBGf1ZIJF0MQzTs64qJVFiwq0NZkphqzOimYkB6jBic8Xtj42kA:1pKBy4:Ob1nGIB7Vt-DnryYa-2NJZBVi0TlqQwsuPQEEodFdl4", "expire_date": "2023-02-07T05:35:36.566Z"}}, {"model": "sessions.session", "pk": "lra7btx3a7j96otbtzi42mgzf8zkxrbl", "fields": {"session_data": ".eJxVjEEOwiAQRe_C2pCpyAAu3XsGMgODVA1NSrsy3l2bdKHb_977LxVpXWpcu8xxzOqsrDr8bkzpIW0D-U7tNuk0tWUeWW-K3mnX1ynL87K7fweVev3WwToihuItixGHxQcLUDLR4A37o4MMGERScicMAxjkYCwakiRZGNX7A-2LOEI:1pXyuT:Lis3mX4ycDIiPtsV7GcC39JV6NIx0dykhAUpZvIqxa8", "expire_date": "2023-03-17T06:28:53.561Z"}}, {"model": "sessions.session", "pk": "m12j33xnscfgahwnwgbqm0wdlew3sgsz", "fields": {"session_data": ".eJxVjMEOwiAQRP-FsyEskC569O43EJZlpWpoUtqT8d9tkx70OPPezFvFtC41rr3McWR1UU6dfjtK-VnaDviR2n3SeWrLPJLeFX3Qrm8Tl9f1cP8Oaup1W3tCJJTBFCHrBT2BI7AGASyzBSILJTGRycahw3MOMmzJgUiwEtTnC-goOBU:1pN4nq:8oc5Rat7h3p8xJU52UeJMSjK5qOdlp-faSX_4QCUdhA", "expire_date": "2023-02-15T04:32:58.659Z"}}, {"model": "sessions.session", "pk": "mxi89djxy1njz4gmdly98vh1l3cyp4yp", "fields": {"session_data": ".eJxVjEEOwiAQRe_C2pAyMhRcuvcMhGFAqgaS0q6MdzckXej2v_f-W_iwb8XvPa1-YXERSpx-NwrxmeoA_Aj13mRsdVsXkkORB-3y1ji9rof7d1BCL6MmjUYhIANnBGf1ZIJF0MQzTs64qJVFiwq0NZkphqzOimYkB6jBic8Xtj42kA:1pKZb2:kLniguprdRZF-Q2gZdRY0vDHyOuB71wXaasQfHNg3u0", "expire_date": "2023-02-08T06:49:24.893Z"}}, {"model": "sessions.session", "pk": "oj5ch1s0914zpvvcz7ixk4mlet0794al", "fields": {"session_data": ".eJxVjEEOwiAQRe_C2pAyMhRcuvcMhGFAqgaS0q6MdzckXej2v_f-W_iwb8XvPa1-YXERSpx-NwrxmeoA_Aj13mRsdVsXkkORB-3y1ji9rof7d1BCL6MmjUYhIANnBGf1ZIJF0MQzTs64qJVFiwq0NZkphqzOimYkB6jBic8Xtj42kA:1pIUUv:14U4bxRVl50WA9xLOT7MDcG79XlCoXgbs7azALjV71w", "expire_date": "2023-02-02T12:58:29.807Z"}}, {"model": "sessions.session", "pk": "pi83186anczhpy1p5681o7xctfkomntl", "fields": {"session_data": ".eJxVjEEOwiAQRe_C2pAyMhRcuvcMhGFAqgaS0q6MdzckXej2v_f-W_iwb8XvPa1-YXERSpx-NwrxmeoA_Aj13mRsdVsXkkORB-3y1ji9rof7d1BCL6MmjUYhIANnBGf1ZIJF0MQzTs64qJVFiwq0NZkphqzOimYkB6jBic8Xtj42kA:1pM6S2:3iLklEMhHaVAWsu9UBxKn3jknEXHxIy_tnmq20irsTU", "expire_date": "2023-02-12T12:06:26.841Z"}}, {"model": "sessions.session", "pk": "ppo84vw6z27lzq3uqtpsp5omz7z1pn4s", "fields": {"session_data": ".eJxVjEEOwiAQRe_C2pAyMhRcuvcMhGFAqgaS0q6MdzckXej2v_f-W_iwb8XvPa1-YXERSpx-NwrxmeoA_Aj13mRsdVsXkkORB-3y1ji9rof7d1BCL6MmjUYhIANnBGf1ZIJF0MQzTs64qJVFiwq0NZkphqzOimYkB6jBic8Xtj42kA:1pLwof:NA6C0WeVRGx7XXlv8X8LM0F0cpcW9xfVZV4PLwsa7zQ", "expire_date": "2023-02-12T01:49:09.766Z"}}, {"model": "sessions.session", "pk": "qc4w3y2np7vyprejxrkvge2u2nvokrq4", "fields": {"session_data": ".eJxVjEEOwiAQRe_C2pAyMhRcuvcMhGFAqgaS0q6MdzckXej2v_f-W_iwb8XvPa1-YXERSpx-NwrxmeoA_Aj13mRsdVsXkkORB-3y1ji9rof7d1BCL6MmjUYhIANnBGf1ZIJF0MQzTs64qJVFiwq0NZkphqzOimYkB6jBic8Xtj42kA:1pKZfr:uDfLsxtrqjCkikR0zTkoEdpYBrk2VqY2JZw-AApyq1M", "expire_date": "2023-02-08T06:54:23.062Z"}}, {"model": "sessions.session", "pk": "r3ul8vduzdghene3wrhh65ra2naor1j9", "fields": {"session_data": ".eJxVjDsOwyAQRO9CHSFhMJ-U6XMGtOwuwUmEJWNXVu4eLLlIminevJldRNjWErfGS5xIXIURl1-WAF9cj4KeUB-zxLmuy5TkocizbfI-E79vp_t3UKCVvnYaR1ZZuUQJAniXB63R6zz2MBYtak6sQyBwxOhth8EoGjgrk5jF5wv71Tiq:1p3Gf1:f7wfToB8LZrKsPbq_VAH-hHKizACeUneUQI5EPrMFoM", "expire_date": "2022-12-22T13:09:59.047Z"}}, {"model": "sessions.session", "pk": "rog2jky78k1t6mnm9dopwgog3qx8k146", "fields": {"session_data": ".eJxVjEEOwiAQRe_C2pAyMhRcuvcMhGFAqgaS0q6MdzckXej2v_f-W_iwb8XvPa1-YXERSpx-NwrxmeoA_Aj13mRsdVsXkkORB-3y1ji9rof7d1BCL6MmjUYhIANnBGf1ZIJF0MQzTs64qJVFiwq0NZkphqzOimYkB6jBic8Xtj42kA:1pJC4Z:Bsyx8Cxa8fC-IOGjb6a51GrKCzR4SIF3diwEWVGiAZs", "expire_date": "2023-02-04T11:30:11.902Z"}}, {"model": "sessions.session", "pk": "s1mj4yl3h4h9aoca2zr8642bnjm2othe", "fields": {"session_data": ".eJxVjEEOwiAQRe_C2pAyMhRcuvcMhGFAqgaS0q6MdzckXej2v_f-W_iwb8XvPa1-YXERSpx-NwrxmeoA_Aj13mRsdVsXkkORB-3y1ji9rof7d1BCL6MmjUYhIANnBGf1ZIJF0MQzTs64qJVFiwq0NZkphqzOimYkB6jBic8Xtj42kA:1pJBjI:-ynaqw5rQTQMIsJAtONywgXehnZo2aTjZ9pgAAiJyks", "expire_date": "2023-02-04T11:08:12.899Z"}}, {"model": "sessions.session", "pk": "t5quscei0mcz8d8e4xi8rgaitb3v9xeu", "fields": {"session_data": ".eJxVjEEOwiAQRe_C2pAyMhRcuvcMhGFAqgaS0q6MdzckXej2v_f-W_iwb8XvPa1-YXERSpx-NwrxmeoA_Aj13mRsdVsXkkORB-3y1ji9rof7d1BCL6MmjUYhIANnBGf1ZIJF0MQzTs64qJVFiwq0NZkphqzOimYkB6jBic8Xtj42kA:1pXlvS:-5g4k0WAUW9i7_B2SCLRdF_5E-SY3qzVAzQ47Wn3lFQ", "expire_date": "2023-03-16T16:37:02.124Z"}}, {"model": "sessions.session", "pk": "tmzc7jeii3p8vcfrhvctx2sklg08nyi0", "fields": {"session_data": ".eJxVjEEOwiAQRe_C2pAyMhRcuvcMhGFAqgaS0q6MdzckXej2v_f-W_iwb8XvPa1-YXERSpx-NwrxmeoA_Aj13mRsdVsXkkORB-3y1ji9rof7d1BCL6MmjUYhIANnBGf1ZIJF0MQzTs64qJVFiwq0NZkphqzOimYkB6jBic8Xtj42kA:1pMBJs:fDq6HVzWLFPRLM-7BI86GsaPvgMJ7uc9kIkuuCX9PTM", "expire_date": "2023-02-12T17:18:20.285Z"}}, {"model": "sessions.session", "pk": "uzg3t9fgk4to8uq4o2iqk5nl2osq9ykf", "fields": {"session_data": ".eJxVjEEOwiAQRe_C2pAyMhRcuvcMhGFAqgaS0q6MdzckXej2v_f-W_iwb8XvPa1-YXERSpx-NwrxmeoA_Aj13mRsdVsXkkORB-3y1ji9rof7d1BCL6MmjUYhIANnBGf1ZIJF0MQzTs64qJVFiwq0NZkphqzOimYkB6jBic8Xtj42kA:1pKs4F:tjHdXg7-G1M33peNrfvUbZRCSlMUeDzKpU9synTPlSo", "expire_date": "2023-02-09T02:32:47.028Z"}}, {"model": "sessions.session", "pk": "vf99xmwpehamo7eaf1d5poi2l9geekhb", "fields": {"session_data": ".eJxVjEEOwiAQRe_C2pAyMhRcuvcMhGFAqgaS0q6MdzckXej2v_f-W_iwb8XvPa1-YXERSpx-NwrxmeoA_Aj13mRsdVsXkkORB-3y1ji9rof7d1BCL6MmjUYhIANnBGf1ZIJF0MQzTs64qJVFiwq0NZkphqzOimYkB6jBic8Xtj42kA:1pLaEo:nlKBc367NwwSqoQyjDKq2vahlO4ags6zOW4wG6CyKOE", "expire_date": "2023-02-11T01:42:38.438Z"}}, {"model": "sessions.session", "pk": "w58tp3ed168c702mo1ux9xfjpr0fk8zm", "fields": {"session_data": ".eJxVjEEOwiAQRe_C2pAyMhRcuvcMhGFAqgaS0q6MdzckXej2v_f-W_iwb8XvPa1-YXERSpx-NwrxmeoA_Aj13mRsdVsXkkORB-3y1ji9rof7d1BCL6MmjUYhIANnBGf1ZIJF0MQzTs64qJVFiwq0NZkphqzOimYkB6jBic8Xtj42kA:1pXmpy:wzvjht-PmhvXaHjW726lLgXbitlzOwaOr1Y-j8ehBso", "expire_date": "2023-03-16T17:35:26.403Z"}}, {"model": "sessions.session", "pk": "xrauuavje27schztqdcmsyqqsy5i8g7e", "fields": {"session_data": ".eJxVjDsOwyAQRO9CHSFhMJ-U6XMGtOwuwUmEJWNXVu4eLLlIminevJldRNjWErfGS5xIXIURl1-WAF9cj4KeUB-zxLmuy5TkocizbfI-E79vp_t3UKCVvnYaR1ZZuUQJAniXB63R6zz2MBYtak6sQyBwxOhth8EoGjgrk5jF5wv71Tiq:1pohwG:YK85TsTXfQtNp-H81c9aX8nv1JgycTdojhPNy5k7fp8", "expire_date": "2023-05-02T09:47:52.163Z"}}, {"model": "sessions.session", "pk": "y1sj3uyqunzr8c5j8t3fu5ir12i5llrg", "fields": {"session_data": ".eJxVjEEOwiAQRe_C2pAyMhRcuvcMhGFAqgaS0q6MdzckXej2v_f-W_iwb8XvPa1-YXERSpx-NwrxmeoA_Aj13mRsdVsXkkORB-3y1ji9rof7d1BCL6MmjUYhIANnBGf1ZIJF0MQzTs64qJVFiwq0NZkphqzOimYkB6jBic8Xtj42kA:1pM1VG:w3BMr5hZ5yg22fRMQS6LNg9zU8StIYqIy7XxDkTV8gc", "expire_date": "2023-02-12T06:49:26.799Z"}}, {"model": "sessions.session", "pk": "y6byl52b2msd8zx32l48cq4qqgr4bd12", "fields": {"session_data": ".eJxVjDsOwyAQRO9CHSFhMJ-U6XMGtOwuwUmEJWNXVu4eLLlIminevJldRNjWErfGS5xIXIURl1-WAF9cj4KeUB-zxLmuy5TkocizbfI-E79vp_t3UKCVvnYaR1ZZuUQJAniXB63R6zz2MBYtak6sQyBwxOhth8EoGjgrk5jF5wv71Tiq:1p8ldU:SPa4l7D6OG4plk2ip-Tq14iw6Fg3bYgOSUxZWypUV8I", "expire_date": "2023-01-06T17:15:08.671Z"}}, {"model": "sessions.session", "pk": "yf333ci27dzdz1jmpzrx8svzirm4susi", "fields": {"session_data": ".eJxVjEEOwiAQRe_C2pAyMhRcuvcMhGFAqgaS0q6MdzckXej2v_f-W_iwb8XvPa1-YXERSpx-NwrxmeoA_Aj13mRsdVsXkkORB-3y1ji9rof7d1BCL6MmjUYhIANnBGf1ZIJF0MQzTs64qJVFiwq0NZkphqzOimYkB6jBic8Xtj42kA:1pXk43:zfxxcnkQ9D7_ufxh783m-OexlsqoVkZ029UsyUgutG4", "expire_date": "2023-03-16T14:37:47.354Z"}}, {"model": "accounts.user", "pk": 1, "fields": {"password": "pbkdf2_sha256$390000$ABesf1gwkYBqVjO3LHz8JG$z0hlLfuyZURyQthoV45ICieuf7JSCVfFHC344dW89qs=", "first_name": "sanya", "last_name": "midha", "username": "djangoadmin", "email": "sanyamidha.10@gmail.com", "phone_number": "", "role": null, "date_joined": "2022-12-08T12:20:12.105Z", "last_login": "2023-05-18T10:40:19.612Z", "created_date": "2022-12-08T12:20:12.105Z", "modified_date": "2022-12-08T12:20:12.105Z", "is_admin": true, "is_staff": true, "is_active": true, "is_superadmin": true}}, {"model": "accounts.user", "pk": 3, "fields": {"password": "pbkdf2_sha256$390000$YmlTIsGWbm5xhgHlmoKea1$YK2c+FTgrTs1I8AeX+mMJ62r8OI4fLDkSI2H/rpcewE=", "first_name": "chitkara", "last_name": "sanya", "username": "sanya", "email": "sanya0639.be20@chitkara.edu.in", "phone_number": "9896309999", "role": 2, "date_joined": "2022-12-08T12:31:56.238Z", "last_login": "2023-04-01T12:48:38.967Z", "created_date": "2022-12-08T12:31:56.238Z", "modified_date": "2022-12-08T12:31:56.238Z", "is_admin": false, "is_staff": false, "is_active": true, "is_superadmin": false}}, {"model": "accounts.user", "pk": 4, "fields": {"password": "pbkdf2_sha256$390000$oXq0AP4FCZHm9Sl7pxhsf4$63mZonjLMqHKkRd7u3yu8RGCsjUz0YCJIBLCccRGZUE=", "first_name": "vendor", "last_name": "food", "username": "sanyamidha.10@gmail.com", "email": "vendorfood13@gmail.com", "phone_number": "", "role": 1, "date_joined": "2022-12-08T13:09:04.856Z", "last_login": "2023-05-18T10:44:21.749Z", "created_date": "2022-12-08T13:09:04.856Z", "modified_date": "2022-12-08T13:09:04.856Z", "is_admin": false, "is_staff": false, "is_active": true, "is_superadmin": false}}, {"model": "accounts.user", "pk": 5, "fields": {"password": "pbkdf2_sha256$390000$XSDmhCJCXbjAapjBXeZgRJ$rrGOaVmWtuqkRYDefF3+Z98rKqgp9N+Al4H9KCu6meA=", "first_name": "Great", "last_name": "Kart", "username": "greatkart", "email": "greatkart01@gmail.com", "phone_number": "", "role": 1, "date_joined": "2022-12-18T17:30:27.442Z", "last_login": "2023-03-31T19:34:53.116Z", "created_date": "2022-12-18T17:30:27.442Z", "modified_date": "2022-12-18T17:30:27.442Z", "is_admin": false, "is_staff": false, "is_active": true, "is_superadmin": false}}, {"model": "accounts.user", "pk": 6, "fields": {"password": "pbkdf2_sha256$390000$Rg0mlryib7ljaYm0A4YE69$0iJWqT/o5NRcqTqtpziHceTR60HeG6B4/wzhw1H4aB0=", "first_name": "First", "last_name": "Restaurant", "username": "first.rest", "email": "firstrestaurant@gmail.com", "phone_number": "", "role": 1, "date_joined": "2023-01-03T12:21:31.690Z", "last_login": "2023-05-23T08:50:34.988Z", "created_date": "2023-01-03T12:21:31.690Z", "modified_date": "2023-01-03T12:21:31.690Z", "is_admin": false, "is_staff": false, "is_active": true, "is_superadmin": false}}, {"model": "accounts.user", "pk": 8, "fields": {"password": "pbkdf2_sha256$390000$iJF4H0uaCUwCKtAkl6Y5MG$NjgzRJSse4WbxbDeVmKof+L7eqevRE/BSrxOHzZyO5k=", "first_name": "second", "last_name": "Restaurant", "username": "secondrest", "email": "secondrestaurant@gmail.com", "phone_number": "", "role": 1, "date_joined": "2023-01-03T13:28:11.685Z", "last_login": "2023-03-02T17:26:27.695Z", "created_date": "2023-01-03T13:28:11.685Z", "modified_date": "2023-01-03T13:28:11.685Z", "is_admin": false, "is_staff": false, "is_active": true, "is_superadmin": false}}, {"model": "accounts.user", "pk": 9, "fields": {"password": "pbkdf2_sha256$390000$QsdhsD7O0CTn1iqJOAIgnm$fAeY0g43YmqQ7T7D8I+9N7PmlHf5XIsST/24RivFBtI=", "first_name": "third", "last_name": "Restaurant", "username": "thirdrest", "email": "thirdrestaurant@gmail.com", "phone_number": "", "role": 1, "date_joined": "2023-01-03T13:35:40.941Z", "last_login": "2023-03-02T17:30:19.441Z", "created_date": "2023-01-03T13:35:40.941Z", "modified_date": "2023-01-03T13:35:40.941Z", "is_admin": false, "is_staff": false, "is_active": true, "is_superadmin": false}}, {"model": "accounts.user", "pk": 10, "fields": {"password": "pbkdf2_sha256$390000$QQydWarqYveoCToI92ECsU$3/36/sDjBvYjnNrsI2T7AbYFpFTJ2Qm+yJtGMLFccXw=", "first_name": "temp", "last_name": "user", "username": "tempuser", "email": "peramo1977@breazeim.com", "phone_number": "", "role": 2, "date_joined": "2023-01-31T05:51:36.685Z", "last_login": "2023-01-31T05:51:36.685Z", "created_date": "2023-01-31T05:51:36.685Z", "modified_date": "2023-01-31T05:51:36.685Z", "is_admin": false, "is_staff": false, "is_active": true, "is_superadmin": false}}, {"model": "accounts.userprofile", "pk": 1, "fields": {"user": 1, "profile_picture": "", "cover_photo": "", "address": null, "country": null, "state": null, "city": null, "pincode": null, "latitude": null, "longitude": null, "location": null, "created_at": "2022-12-08T12:20:12.108Z", "modified_at": "2023-05-18T10:40:19.646Z"}}, {"model": "accounts.userprofile", "pk": 3, "fields": {"user": 3, "profile_picture": "users/profile_pictures/profpic.jpeg", "cover_photo": "users/cover_photo/cover-photo-5_WASVJQu.PNG", "address": "Post Office Jhansla, Kharajpur, Rajpura, Punjab, India", "country": "India", "state": "Punjab", "city": "Rajpura", "pincode": "140401", "latitude": "30.483997", "longitude": "76.5939516", "location": "SRID=4326;POINT (76.5939516 30.483997)", "created_at": "2022-12-08T12:31:56.242Z", "modified_at": "2023-04-01T12:48:38.994Z"}}, {"model": "accounts.userprofile", "pk": 4, "fields": {"user": 4, "profile_picture": "users/profile_pictures/profile-picture-2.PNG", "cover_photo": "users/cover_photo/cover-photo-1_tL4AJC1.PNG", "address": "Punjabi Chulha Near Rajpura Ambala Road, ambala road, Rajpura, Punjab, India", "country": "India", "state": "Punjab", "city": "Rajpura", "pincode": "140401", "latitude": "30.4565091", "longitude": "76.6443469", "location": "SRID=4326;POINT (76.6443469 30.4565091)", "created_at": "2022-12-08T13:09:04.859Z", "modified_at": "2023-05-18T10:44:21.781Z"}}, {"model": "accounts.userprofile", "pk": 5, "fields": {"user": 5, "profile_picture": "users/profile_pictures/profile-picture-1_NEagX9U.PNG", "cover_photo": "users/cover_photo/cover-photo-2.PNG", "address": "Rajpura, ICL Road, Railway Crossing, Kharajpur, Rajpura, Punjab, India", "country": "India", "state": "Punjab", "city": "Rajpura", "pincode": "140401", "latitude": "30.4799568", "longitude": "76.6046686", "location": "SRID=4326;POINT (76.6046686 30.4799568)", "created_at": "2022-12-18T17:30:27.448Z", "modified_at": "2023-03-31T19:34:53.156Z"}}, {"model": "accounts.userprofile", "pk": 6, "fields": {"user": 6, "profile_picture": "users/profile_pictures/profile-picture-5.PNG", "cover_photo": "users/cover_photo/cover-photo-4.PNG", "address": "Rajpura - Patiala Bypass, Guru Amar Dass Colony, Rajpura, Punjab, India", "country": "India", "state": "Punjab", "city": "Rajpura", "pincode": "140401", "latitude": "30.4664435", "longitude": "76.5692829", "location": "SRID=4326;POINT (76.5692829 30.4664435)", "created_at": "2023-01-03T12:21:31.699Z", "modified_at": "2023-05-23T08:51:16.876Z"}}, {"model": "accounts.userprofile", "pk": 8, "fields": {"user": 8, "profile_picture": "users/profile_pictures/profile-picture-4.PNG", "cover_photo": "users/cover_photo/cover-photo-5.PNG", "address": "The Cafe Mocha, 17B, Sector 17, Chandigarh, India", "country": "India", "state": "Chandigarh", "city": "Chandigarh", "pincode": "160017", "latitude": "30.7392866", "longitude": "76.7875335", "location": "SRID=4326;POINT (76.7875335 30.7392866)", "created_at": "2023-01-03T13:28:11.689Z", "modified_at": "2023-03-02T17:26:27.731Z"}}, {"model": "accounts.userprofile", "pk": 9, "fields": {"user": 9, "profile_picture": "users/profile_pictures/veg-pizza-600x600.jpg", "cover_photo": "users/cover_photo/cover-photo-2_SjoqHhT.PNG", "address": "Rajpura - Patiala Bypass, Guru Amar Dass Colony, Rajpura, Punjab, India", "country": "India", "state": "Punjab", "city": "Rajpura", "pincode": "140401", "latitude": "30.4664435", "longitude": "76.5692829", "location": "SRID=4326;POINT (76.5692829 30.4664435)", "created_at": "2023-01-03T13:35:40.945Z", "modified_at": "2023-03-02T17:30:19.480Z"}}, {"model": "accounts.userprofile", "pk": 10, "fields": {"user": 10, "profile_picture": "", "cover_photo": "", "address": null, "country": null, "state": null, "city": null, "pincode": null, "latitude": null, "longitude": null, "location": null, "created_at": "2023-01-31T05:51:36.690Z", "modified_at": "2023-01-31T05:52:15.358Z"}}, {"model": "vendor.vendor", "pk": 1, "fields": {"user": 4, "user_profile": 4, "vendor_name": "ABC Restaurant", "vendor_slug": "testrest-4", "vendor_license": "vendor/license/Restaurant-Licenses.jpeg", "is_approved": true, "created_at": "2022-12-08T13:09:04.864Z", "modified_t": "2023-01-08T01:30:11.048Z"}}, {"model": "vendor.vendor", "pk": 2, "fields": {"user": 5, "user_profile": 5, "vendor_name": "GreatKart", "vendor_slug": "greatkart-5", "vendor_license": "vendor/license/Food-License.jpeg", "is_approved": true, "created_at": "2022-12-18T17:30:27.468Z", "modified_t": "2023-01-08T01:29:11.860Z"}}, {"model": "vendor.vendor", "pk": 3, "fields": {"user": 6, "user_profile": 6, "vendor_name": "First Restaurant", "vendor_slug": "first-restaurant-6", "vendor_license": "vendor/license/Food-License_n7SIZpO.jpeg", "is_approved": true, "created_at": "2023-01-03T12:21:31.713Z", "modified_t": "2023-05-23T08:51:16.881Z"}}, {"model": "vendor.vendor", "pk": 4, "fields": {"user": 8, "user_profile": 8, "vendor_name": "second restaurant", "vendor_slug": "second-restaurant-8", "vendor_license": "vendor/license/Food-License_jaR4tUA.jpeg", "is_approved": true, "created_at": "2023-01-03T13:28:11.694Z", "modified_t": "2023-01-08T01:34:11.931Z"}}, {"model": "vendor.vendor", "pk": 5, "fields": {"user": 9, "user_profile": 9, "vendor_name": "third restaurant", "vendor_slug": "third-restaurant-9", "vendor_license": "vendor/license/Food-License_lHW4LH1.jpeg", "is_approved": true, "created_at": "2023-01-03T13:35:40.952Z", "modified_t": "2023-01-03T13:38:53.876Z"}}, {"model": "vendor.openinghour", "pk": 15, "fields": {"vendor": 1, "day": 1, "from_hour": "10:00 AM", "to_hour": "08:00 PM", "is_closed": false}}, {"model": "vendor.openinghour", "pk": 16, "fields": {"vendor": 1, "day": 2, "from_hour": "10:00 AM", "to_hour": "08:00 PM", "is_closed": false}}, {"model": "vendor.openinghour", "pk": 17, "fields": {"vendor": 1, "day": 3, "from_hour": "09:30 AM", "to_hour": "08:30 PM", "is_closed": false}}, {"model": "vendor.openinghour", "pk": 18, "fields": {"vendor": 1, "day": 4, "from_hour": "10:00 AM", "to_hour": "07:30 PM", "is_closed": false}}, {"model": "vendor.openinghour", "pk": 19, "fields": {"vendor": 1, "day": 5, "from_hour": "09:00 AM", "to_hour": "09:00 PM", "is_closed": false}}, {"model": "vendor.openinghour", "pk": 20, "fields": {"vendor": 1, "day": 6, "from_hour": "", "to_hour": "", "is_closed": true}}, {"model": "vendor.openinghour", "pk": 23, "fields": {"vendor": 3, "day": 1, "from_hour": "09:00 AM", "to_hour": "09:00 PM", "is_closed": false}}, {"model": "vendor.openinghour", "pk": 24, "fields": {"vendor": 3, "day": 2, "from_hour": "02:30 PM", "to_hour": "06:30 PM", "is_closed": false}}, {"model": "vendor.openinghour", "pk": 25, "fields": {"vendor": 3, "day": 3, "from_hour": "07:30 AM", "to_hour": "05:00 PM", "is_closed": false}}, {"model": "vendor.openinghour", "pk": 26, "fields": {"vendor": 3, "day": 4, "from_hour": "", "to_hour": "", "is_closed": true}}, {"model": "vendor.openinghour", "pk": 27, "fields": {"vendor": 3, "day": 5, "from_hour": "01:30 PM", "to_hour": "07:00 AM", "is_closed": false}}, {"model": "vendor.openinghour", "pk": 28, "fields": {"vendor": 3, "day": 6, "from_hour": "08:30 AM", "to_hour": "04:30 PM", "is_closed": false}}, {"model": "vendor.openinghour", "pk": 29, "fields": {"vendor": 3, "day": 7, "from_hour": "01:30 PM", "to_hour": "04:00 PM", "is_closed": false}}, {"model": "vendor.openinghour", "pk": 30, "fields": {"vendor": 4, "day": 1, "from_hour": "", "to_hour": "", "is_closed": true}}, {"model": "vendor.openinghour", "pk": 31, "fields": {"vendor": 4, "day": 2, "from_hour": "06:30 AM", "to_hour": "05:00 PM", "is_closed": false}}, {"model": "vendor.openinghour", "pk": 32, "fields": {"vendor": 4, "day": 3, "from_hour": "08:00 AM", "to_hour": "04:00 PM", "is_closed": false}}, {"model": "vendor.openinghour", "pk": 33, "fields": {"vendor": 4, "day": 4, "from_hour": "11:00 AM", "to_hour": "10:30 PM", "is_closed": false}}, {"model": "vendor.openinghour", "pk": 34, "fields": {"vendor": 4, "day": 5, "from_hour": "11:30 AM", "to_hour": "11:30 PM", "is_closed": false}}, {"model": "vendor.openinghour", "pk": 35, "fields": {"vendor": 4, "day": 6, "from_hour": "01:00 PM", "to_hour": "09:00 PM", "is_closed": false}}, {"model": "vendor.openinghour", "pk": 36, "fields": {"vendor": 4, "day": 7, "from_hour": "09:30 AM", "to_hour": "01:30 PM", "is_closed": false}}, {"model": "vendor.openinghour", "pk": 37, "fields": {"vendor": 5, "day": 1, "from_hour": "03:00 AM", "to_hour": "03:30 PM", "is_closed": false}}, {"model": "vendor.openinghour", "pk": 38, "fields": {"vendor": 5, "day": 3, "from_hour": "05:00 PM", "to_hour": "12:30 PM", "is_closed": false}}, {"model": "vendor.openinghour", "pk": 39, "fields": {"vendor": 5, "day": 2, "from_hour": "06:30 AM", "to_hour": "03:30 PM", "is_closed": false}}, {"model": "vendor.openinghour", "pk": 40, "fields": {"vendor": 5, "day": 4, "from_hour": "03:00 PM", "to_hour": "08:00 PM", "is_closed": false}}, {"model": "vendor.openinghour", "pk": 41, "fields": {"vendor": 5, "day": 5, "from_hour": "01:00 PM", "to_hour": "06:00 PM", "is_closed": false}}, {"model": "vendor.openinghour", "pk": 44, "fields": {"vendor": 5, "day": 6, "from_hour": "", "to_hour": "", "is_closed": true}}, {"model": "vendor.openinghour", "pk": 45, "fields": {"vendor": 5, "day": 7, "from_hour": "06:00 PM", "to_hour": "08:00 PM", "is_closed": false}}, {"model": "vendor.openinghour", "pk": 46, "fields": {"vendor": 2, "day": 1, "from_hour": "10:30 AM", "to_hour": "07:30 PM", "is_closed": false}}, {"model": "vendor.openinghour", "pk": 47, "fields": {"vendor": 2, "day": 2, "from_hour": "02:00 AM", "to_hour": "04:00 PM", "is_closed": false}}, {"model": "vendor.openinghour", "pk": 48, "fields": {"vendor": 2, "day": 3, "from_hour": "01:30 PM", "to_hour": "06:00 PM", "is_closed": false}}, {"model": "vendor.openinghour", "pk": 49, "fields": {"vendor": 2, "day": 4, "from_hour": "07:00 PM", "to_hour": "11:00 PM", "is_closed": false}}, {"model": "vendor.openinghour", "pk": 50, "fields": {"vendor": 2, "day": 5, "from_hour": "04:30 PM", "to_hour": "11:30 PM", "is_closed": false}}, {"model": "vendor.openinghour", "pk": 53, "fields": {"vendor": 2, "day": 6, "from_hour": "07:00 PM", "to_hour": "08:00 PM", "is_closed": false}}, {"model": "vendor.openinghour", "pk": 54, "fields": {"vendor": 2, "day": 7, "from_hour": "07:30 PM", "to_hour": "02:30 AM", "is_closed": false}}, {"model": "vendor.openinghour", "pk": 55, "fields": {"vendor": 2, "day": 6, "from_hour": "08:30 PM", "to_hour": "10:00 PM", "is_closed": false}}, {"model": "vendor.openinghour", "pk": 56, "fields": {"vendor": 1, "day": 7, "from_hour": "06:00 AM", "to_hour": "03:00 AM", "is_closed": false}}, {"model": "vendor.openinghour", "pk": 57, "fields": {"vendor": 1, "day": 7, "from_hour": "01:00 AM", "to_hour": "02:30 AM", "is_closed": false}}, {"model": "menu.category", "pk": 1, "fields": {"vendor": 1, "category_name": "Burger", "slug": "burger", "description": "test", "created_at": "2022-12-18T06:31:47.080Z", "updated_at": "2022-12-18T06:31:47.080Z"}}, {"model": "menu.category", "pk": 2, "fields": {"vendor": 1, "category_name": "Sea food", "slug": "sea-food", "description": "testing", "created_at": "2022-12-18T06:32:05.784Z", "updated_at": "2022-12-18T06:32:05.784Z"}}, {"model": "menu.category", "pk": 3, "fields": {"vendor": 1, "category_name": "Chicken", "slug": "chicken", "description": "", "created_at": "2022-12-18T06:32:15.576Z", "updated_at": "2022-12-18T06:32:15.576Z"}}, {"model": "menu.category", "pk": 4, "fields": {"vendor": 1, "category_name": "Pizza", "slug": "pizza", "description": "", "created_at": "2022-12-18T06:32:27.285Z", "updated_at": "2022-12-18T06:32:27.285Z"}}, {"model": "menu.category", "pk": 8, "fields": {"vendor": 3, "category_name": "Chicken", "slug": "chicken-8", "description": "", "created_at": "2023-01-03T13:17:55.958Z", "updated_at": "2023-01-03T13:17:55.961Z"}}, {"model": "menu.category", "pk": 11, "fields": {"vendor": 4, "category_name": "Rice", "slug": "rice-11", "description": "", "created_at": "2023-01-03T13:32:48.561Z", "updated_at": "2023-01-03T13:32:48.566Z"}}, {"model": "menu.category", "pk": 12, "fields": {"vendor": 5, "category_name": "Pizza", "slug": "pizza-12", "description": "", "created_at": "2023-01-03T13:39:09.127Z", "updated_at": "2023-01-03T13:39:09.130Z"}}, {"model": "menu.category", "pk": 16, "fields": {"vendor": 3, "category_name": "Rice", "slug": "rice-16", "description": "", "created_at": "2023-03-02T15:35:36.286Z", "updated_at": "2023-03-02T15:35:36.287Z"}}, {"model": "menu.category", "pk": 17, "fields": {"vendor": 3, "category_name": "Pastry", "slug": "pastry-17", "description": "", "created_at": "2023-03-02T17:23:59.919Z", "updated_at": "2023-03-02T17:23:59.921Z"}}, {"model": "menu.category", "pk": 18, "fields": {"vendor": 4, "category_name": "Ice cream", "slug": "ice-cream-18", "description": "", "created_at": "2023-03-02T17:27:35.839Z", "updated_at": "2023-03-02T17:27:35.841Z"}}, {"model": "menu.category", "pk": 19, "fields": {"vendor": 5, "category_name": "Rice", "slug": "rice-19", "description": "", "created_at": "2023-03-02T17:30:44.605Z", "updated_at": "2023-03-02T17:30:44.608Z"}}, {"model": "menu.category", "pk": 20, "fields": {"vendor": 5, "category_name": "Chicken", "slug": "chicken-20", "description": "", "created_at": "2023-03-02T17:32:10.879Z", "updated_at": "2023-03-02T17:32:10.883Z"}}, {"model": "menu.category", "pk": 21, "fields": {"vendor": 5, "category_name": "Fish", "slug": "fish-21", "description": "", "created_at": "2023-03-02T17:33:56.169Z", "updated_at": "2023-03-02T17:33:56.172Z"}}, {"model": "menu.category", "pk": 22, "fields": {"vendor": 2, "category_name": "Noodles", "slug": "noodles-22", "description": "", "created_at": "2023-03-02T17:46:54.997Z", "updated_at": "2023-03-02T17:46:55.002Z"}}, {"model": "menu.category", "pk": 23, "fields": {"vendor": 2, "category_name": "Breads", "slug": "breads-23", "description": "", "created_at": "2023-03-02T17:50:59.577Z", "updated_at": "2023-03-02T17:50:59.581Z"}}, {"model": "menu.category", "pk": 24, "fields": {"vendor": 2, "category_name": "Omelette", "slug": "omelette-24", "description": "", "created_at": "2023-03-02T17:54:15.544Z", "updated_at": "2023-03-02T17:54:15.547Z"}}, {"model": "menu.category", "pk": 25, "fields": {"vendor": 2, "category_name": "Snacks", "slug": "snacks-25", "description": "", "created_at": "2023-03-02T17:58:08.060Z", "updated_at": "2023-03-02T17:58:08.064Z"}}, {"model": "menu.category", "pk": 26, "fields": {"vendor": 1, "category_name": "Sea food", "slug": "sea-food-26", "description": "sea", "created_at": "2023-05-18T10:49:51.571Z", "updated_at": "2023-05-18T10:49:51.574Z"}}, {"model": "menu.fooditem", "pk": 25, "fields": {"vendor": 3, "category": 1, "food_title": "panburger", "slug": "panburger", "description": "", "price": "12.00", "image": "foodimages/burger-600x600_YxrMcj3.jpg", "is_available": true, "created_at": "2023-03-02T16:41:54.710Z", "updated_at": "2023-03-02T16:46:45.865Z"}}, {"model": "menu.fooditem", "pk": 26, "fields": {"vendor": 1, "category": 1, "food_title": "kingburger", "slug": "kingburger-26", "description": "", "price": "12.00", "image": "foodimages/profile-picture-3_d8V1pk3.PNG", "is_available": true, "created_at": "2023-03-02T16:55:28.803Z", "updated_at": "2023-03-02T16:55:28.808Z"}}, {"model": "menu.fooditem", "pk": 28, "fields": {"vendor": 1, "category": 1, "food_title": "burger1", "slug": "burger1-28", "description": "", "price": "15.00", "image": "foodimages/burger-600x600_kc0LUPH.jpg", "is_available": true, "created_at": "2023-03-02T17:04:03.223Z", "updated_at": "2023-03-02T17:04:03.227Z"}}, {"model": "menu.fooditem", "pk": 29, "fields": {"vendor": 1, "category": 1, "food_title": "Burger2", "slug": "burger2-29", "description": "", "price": "15.00", "image": "foodimages/profile-picture-3_4lvW0SN.PNG", "is_available": true, "created_at": "2023-03-02T17:04:34.638Z", "updated_at": "2023-03-02T17:04:34.640Z"}}, {"model": "menu.fooditem", "pk": 30, "fields": {"vendor": 1, "category": 2, "food_title": "Sea food one", "slug": "sea-food-one-30", "description": "", "price": "45.00", "image": "foodimages/seafood-600x600_f9SI1dW.jpg", "is_available": true, "created_at": "2023-03-02T17:05:19.885Z", "updated_at": "2023-03-02T17:05:19.887Z"}}, {"model": "menu.fooditem", "pk": 31, "fields": {"vendor": 1, "category": 3, "food_title": "tandoori chicken", "slug": "tandoori-chicken-31", "description": "", "price": "400.00", "image": "foodimages/chicken-600x600_AbcXBT6.jpg", "is_available": true, "created_at": "2023-03-02T17:12:06.165Z", "updated_at": "2023-03-02T17:12:06.168Z"}}, {"model": "menu.fooditem", "pk": 32, "fields": {"vendor": 1, "category": 3, "food_title": "pan fried chicken", "slug": "pan-fried-chicken-32", "description": "", "price": "160.00", "image": "foodimages/Pan-Fried-Chicken-600x600_LgqRkhy.jpg", "is_available": true, "created_at": "2023-03-02T17:12:59.774Z", "updated_at": "2023-03-02T17:12:59.778Z"}}, {"model": "menu.fooditem", "pk": 33, "fields": {"vendor": 1, "category": 4, "food_title": "Italian Pizza", "slug": "italian-pizza-33", "description": "", "price": "200.00", "image": "foodimages/italian-pizza-600x600_MK39hHZ.jpg", "is_available": true, "created_at": "2023-03-02T17:13:37.337Z", "updated_at": "2023-03-02T17:13:37.339Z"}}, {"model": "menu.fooditem", "pk": 34, "fields": {"vendor": 1, "category": 4, "food_title": "pizza test", "slug": "pizza-test-34", "description": "", "price": "22.00", "image": "foodimages/pizza-600x600_Z9CLudz.jpg", "is_available": true, "created_at": "2023-03-02T17:14:36.215Z", "updated_at": "2023-03-02T17:14:36.222Z"}}, {"model": "menu.fooditem", "pk": 35, "fields": {"vendor": 3, "category": 8, "food_title": "boneless chicken", "slug": "boneless-chicken-35", "description": "", "price": "180.00", "image": "foodimages/chicken-600x600_Rg5JHr5.jpg", "is_available": true, "created_at": "2023-03-02T17:19:36.350Z", "updated_at": "2023-03-02T17:19:36.356Z"}}, {"model": "menu.fooditem", "pk": 36, "fields": {"vendor": 3, "category": 16, "food_title": "rice bowl", "slug": "rice-bowl-36", "description": "", "price": "35.00", "image": "foodimages/rice-bowl_iEhCyr3.jpg", "is_available": true, "created_at": "2023-03-02T17:20:41.231Z", "updated_at": "2023-03-02T17:20:41.234Z"}}, {"model": "menu.fooditem", "pk": 37, "fields": {"vendor": 3, "category": 16, "food_title": "fried rice", "slug": "fried-rice-37", "description": "", "price": "50.00", "image": "foodimages/fried_rice.jpeg", "is_available": true, "created_at": "2023-03-02T17:22:47.609Z", "updated_at": "2023-03-02T17:22:47.611Z"}}, {"model": "menu.fooditem", "pk": 38, "fields": {"vendor": 3, "category": 17, "food_title": "chocolate pastry", "slug": "chocolate-pastry-38", "description": "", "price": "12.00", "image": "foodimages/profile-picture-2_g6FThRk.PNG", "is_available": true, "created_at": "2023-03-02T17:24:45.514Z", "updated_at": "2023-03-02T17:24:45.519Z"}}, {"model": "menu.fooditem", "pk": 39, "fields": {"vendor": 3, "category": 17, "food_title": "fruit pastry", "slug": "fruit-pastry-39", "description": "", "price": "18.00", "image": "foodimages/cover-photo-5.PNG", "is_available": true, "created_at": "2023-03-02T17:25:45.362Z", "updated_at": "2023-03-02T17:25:45.365Z"}}, {"model": "menu.fooditem", "pk": 40, "fields": {"vendor": 4, "category": 18, "food_title": "chocolate ice cream", "slug": "chocolate-ice-cream-40", "description": "", "price": "42.00", "image": "foodimages/profile-picture-1_Zk6f6BH.PNG", "is_available": true, "created_at": "2023-03-02T17:28:15.125Z", "updated_at": "2023-03-02T17:28:15.128Z"}}, {"model": "menu.fooditem", "pk": 41, "fields": {"vendor": 4, "category": 18, "food_title": "chocolate ice cream", "slug": "chocolate-ice-cream-41", "description": "", "price": "20.00", "image": "foodimages/chocolate_ice_cream.jpeg", "is_available": true, "created_at": "2023-03-02T17:29:48.560Z", "updated_at": "2023-03-02T17:29:48.563Z"}}, {"model": "menu.fooditem", "pk": 42, "fields": {"vendor": 5, "category": 19, "food_title": "steam rice", "slug": "steam-rice-42", "description": "", "price": "40.00", "image": "foodimages/steam-rice_IaVfaKU.jpg", "is_available": true, "created_at": "2023-03-02T17:31:23.562Z", "updated_at": "2023-03-02T17:31:23.565Z"}}, {"model": "menu.fooditem", "pk": 43, "fields": {"vendor": 5, "category": 20, "food_title": "Barbeque Chicken", "slug": "barbeque-chicken-43", "description": "", "price": "30.00", "image": "foodimages/chicken-barbeque_XS5WiJs.jpg", "is_available": true, "created_at": "2023-03-02T17:32:38.024Z", "updated_at": "2023-03-02T17:32:38.028Z"}}, {"model": "menu.fooditem", "pk": 44, "fields": {"vendor": 5, "category": 20, "food_title": "chicken treat", "slug": "chicken-treat-44", "description": "", "price": "500.00", "image": "foodimages/chicken-600x600_EP6wnPJ.jpg", "is_available": true, "created_at": "2023-03-02T17:33:44.696Z", "updated_at": "2023-03-02T17:33:44.699Z"}}, {"model": "menu.fooditem", "pk": 45, "fields": {"vendor": 5, "category": 21, "food_title": "tuna fish", "slug": "tuna-fish-45", "description": "", "price": "49.00", "image": "foodimages/tuna-fish_EDd0T6L.jpg", "is_available": true, "created_at": "2023-03-02T17:34:57.944Z", "updated_at": "2023-03-02T17:34:57.947Z"}}, {"model": "menu.fooditem", "pk": 46, "fields": {"vendor": 2, "category": 22, "food_title": "hakka noodles", "slug": "hakka-noodles-46", "description": "", "price": "30.00", "image": "foodimages/Spicy-Chicken-Hakka-Noodles-Recipe.jpeg", "is_available": true, "created_at": "2023-03-02T17:50:25.986Z", "updated_at": "2023-03-02T17:50:25.992Z"}}, {"model": "menu.fooditem", "pk": 47, "fields": {"vendor": 2, "category": 23, "food_title": "brown bread", "slug": "brown-bread-47", "description": "Brown bread is healthy", "price": "30.00", "image": "foodimages/Korb_mit_Brotchen.jpeg", "is_available": true, "created_at": "2023-03-02T17:52:10.694Z", "updated_at": "2023-03-02T17:52:10.697Z"}}, {"model": "menu.fooditem", "pk": 48, "fields": {"vendor": 2, "category": 23, "food_title": "crunchy bread", "slug": "crunchy-bread-48", "description": "", "price": "30.00", "image": "foodimages/images.jpeg", "is_available": true, "created_at": "2023-03-02T17:53:42.424Z", "updated_at": "2023-03-02T17:53:42.426Z"}}, {"model": "menu.fooditem", "pk": 49, "fields": {"vendor": 2, "category": 24, "food_title": "Bread omelette", "slug": "bread-omelette-49", "description": "", "price": "35.00", "image": "foodimages/images_1.jpeg", "is_available": true, "created_at": "2023-03-02T17:56:08.143Z", "updated_at": "2023-03-02T17:56:08.148Z"}}, {"model": "menu.fooditem", "pk": 50, "fields": {"vendor": 2, "category": 24, "food_title": "double egg  omelette", "slug": "double-egg-omelette-50", "description": "", "price": "40.00", "image": "foodimages/SO-Insta.jpeg", "is_available": true, "created_at": "2023-03-02T17:57:31.800Z", "updated_at": "2023-03-02T17:57:31.803Z"}}, {"model": "menu.fooditem", "pk": 51, "fields": {"vendor": 2, "category": 25, "food_title": "chole kulche", "slug": "chole-kulche-51", "description": "", "price": "45.00", "image": "foodimages/download.jpeg", "is_available": true, "created_at": "2023-03-02T18:01:52.193Z", "updated_at": "2023-03-02T18:01:52.196Z"}}, {"model": "menu.fooditem", "pk": 52, "fields": {"vendor": 2, "category": 25, "food_title": "pav bhaji", "slug": "pav-bhaji-52", "description": "", "price": "60.00", "image": "foodimages/pav-bhaji-masala-making-tips-article.jpeg", "is_available": true, "created_at": "2023-03-02T18:04:09.532Z", "updated_at": "2023-03-02T18:04:09.539Z"}}, {"model": "menu.fooditem", "pk": 53, "fields": {"vendor": 2, "category": 22, "food_title": "hakka noodles", "slug": "hakka-noodles", "description": "", "price": "12.00", "image": "foodimages/download_a63m8y3.jpeg", "is_available": true, "created_at": "2023-03-03T06:30:12.255Z", "updated_at": "2023-03-03T06:30:12.255Z"}}, {"model": "menu.fooditem", "pk": 55, "fields": {"vendor": 2, "category": 22, "food_title": "hakka noodles", "slug": "hakka-noodles-55", "description": "", "price": "12.00", "image": "foodimages/Korb_mit_Brotchen_oQulwIj.jpeg", "is_available": true, "created_at": "2023-03-03T06:31:52.008Z", "updated_at": "2023-03-03T06:31:52.012Z"}}, {"model": "marketplace.cart", "pk": 102, "fields": {"user": 3, "fooditem": 35, "quantity": 1, "created_at": "2023-04-01T12:48:58.856Z", "updated_at": "2023-04-01T12:48:58.856Z"}}, {"model": "marketplace.tax", "pk": 1, "fields": {"tax_type": "CGST", "tax_percentage": "9.00", "is_active": true}}, {"model": "marketplace.tax", "pk": 2, "fields": {"tax_type": "SGST", "tax_percentage": "7.00", "is_active": true}}, {"model": "orders.payment", "pk": 1, "fields": {"user": 3, "transaction_id": "5TG77753GF294700C", "payment_method": "PayPal", "amount": "81.2", "status": "COMPLETED", "created_at": "2023-01-23T18:59:26.948Z"}}, {"model": "orders.payment", "pk": 2, "fields": {"user": 3, "transaction_id": "1JP078126A226200C", "payment_method": "PayPal", "amount": "23.2", "status": "COMPLETED", "created_at": "2023-01-24T05:34:46.099Z"}}, {"model": "orders.payment", "pk": 3, "fields": {"user": 3, "transaction_id": "23706824PK528663H", "payment_method": "PayPal", "amount": "23.2", "status": "COMPLETED", "created_at": "2023-01-24T10:35:46.772Z"}}, {"model": "orders.payment", "pk": 4, "fields": {"user": 3, "transaction_id": "6KS68828WL3228948", "payment_method": "PayPal", "amount": "23.2", "status": "COMPLETED", "created_at": "2023-01-24T10:39:20.770Z"}}, {"model": "orders.payment", "pk": 5, "fields": {"user": 3, "transaction_id": "7B889147PV964524C", "payment_method": "PayPal", "amount": "40.6", "status": "COMPLETED", "created_at": "2023-01-24T11:11:18.242Z"}}, {"model": "orders.payment", "pk": 6, "fields": {"user": 3, "transaction_id": "2PS976479F2780147", "payment_method": "PayPal", "amount": "17.4", "status": "COMPLETED", "created_at": "2023-01-25T05:34:32.777Z"}}, {"model": "orders.payment", "pk": 7, "fields": {"user": 3, "transaction_id": "9HT36911J5386450K", "payment_method": "PayPal", "amount": "17.4", "status": "COMPLETED", "created_at": "2023-01-25T06:46:26.348Z"}}, {"model": "orders.payment", "pk": 8, "fields": {"user": 3, "transaction_id": "5X325490AR865694S", "payment_method": "PayPal", "amount": "17.4", "status": "COMPLETED", "created_at": "2023-01-25T06:50:35.727Z"}}, {"model": "orders.payment", "pk": 9, "fields": {"user": 3, "transaction_id": "47X43205MS682803M", "payment_method": "PayPal", "amount": "17.4", "status": "COMPLETED", "created_at": "2023-01-25T06:53:12.700Z"}}, {"model": "orders.payment", "pk": 10, "fields": {"user": 3, "transaction_id": "0LK89238N1707034D", "payment_method": "PayPal", "amount": "23.2", "status": "COMPLETED", "created_at": "2023-01-25T06:55:30.675Z"}}, {"model": "orders.payment", "pk": 11, "fields": {"user": 3, "transaction_id": "9YJ7204867239574K", "payment_method": "PayPal", "amount": "23.2", "status": "COMPLETED", "created_at": "2023-01-25T07:02:05.101Z"}}, {"model": "orders.payment", "pk": 12, "fields": {"user": 3, "transaction_id": "38L358442B2521809", "payment_method": "PayPal", "amount": "23.2", "status": "COMPLETED", "created_at": "2023-01-25T07:05:28.962Z"}}, {"model": "orders.payment", "pk": 13, "fields": {"user": 3, "transaction_id": "2RY91679SB257324C", "payment_method": "PayPal", "amount": "23.2", "status": "COMPLETED", "created_at": "2023-01-25T07:16:05.420Z"}}, {"model": "orders.payment", "pk": 14, "fields": {"user": 3, "transaction_id": "1RL24638TJ539772H", "payment_method": "PayPal", "amount": "17.4", "status": "COMPLETED", "created_at": "2023-01-25T07:29:22.378Z"}}, {"model": "orders.payment", "pk": 15, "fields": {"user": 3, "transaction_id": "8GU59001M1270031V", "payment_method": "PayPal", "amount": "17.4", "status": "COMPLETED", "created_at": "2023-01-25T07:37:02.049Z"}}, {"model": "orders.payment", "pk": 16, "fields": {"user": 3, "transaction_id": "pay_L8dcFsP9OTGAgt", "payment_method": "Success", "amount": "17.4", "status": "RazorPay", "created_at": "2023-01-26T02:17:43.933Z"}}, {"model": "orders.payment", "pk": 17, "fields": {"user": 3, "transaction_id": "pay_L8dpKkzcAjO4zz", "payment_method": "RazorPay", "amount": "1078.8", "status": "Success", "created_at": "2023-01-26T02:30:04.670Z"}}, {"model": "orders.payment", "pk": 18, "fields": {"user": 3, "transaction_id": "pay_L8drAzUMSvyRnx", "payment_method": "RazorPay", "amount": "730.8", "status": "Success", "created_at": "2023-01-26T02:31:46.818Z"}}, {"model": "orders.payment", "pk": 19, "fields": {"user": 3, "transaction_id": "9A455992S8293421V", "payment_method": "PayPal", "amount": "2337.4", "status": "COMPLETED", "created_at": "2023-01-29T02:30:02.049Z"}}, {"model": "orders.payment", "pk": 20, "fields": {"user": 3, "transaction_id": "76179659SK4782153", "payment_method": "PayPal", "amount": "2337.4", "status": "COMPLETED", "created_at": "2023-01-29T02:32:27.872Z"}}, {"model": "orders.payment", "pk": 21, "fields": {"user": 3, "transaction_id": "1HH1681870312493C", "payment_method": "PayPal", "amount": "2337.4", "status": "COMPLETED", "created_at": "2023-01-29T12:07:39.973Z"}}, {"model": "orders.payment", "pk": 22, "fields": {"user": 3, "transaction_id": "5WP25229L9623225L", "payment_method": "PayPal", "amount": "3596.0", "status": "COMPLETED", "created_at": "2023-01-29T17:03:58.021Z"}}, {"model": "orders.payment", "pk": 23, "fields": {"user": 3, "transaction_id": "pay_LA4PfjSrBIVgRs", "payment_method": "RazorPay", "amount": "3184.2", "status": "Success", "created_at": "2023-01-29T17:09:50.294Z"}}, {"model": "orders.payment", "pk": 24, "fields": {"user": 3, "transaction_id": "pay_LA4V1jVIEnHoXF", "payment_method": "RazorPay", "amount": "3184.2", "status": "Success", "created_at": "2023-01-29T17:14:33.268Z"}}, {"model": "orders.payment", "pk": 25, "fields": {"user": 3, "transaction_id": "1GC622277F564554U", "payment_method": "PayPal", "amount": "881.6", "status": "COMPLETED", "created_at": "2023-01-29T17:22:16.843Z"}}, {"model": "orders.payment", "pk": 26, "fields": {"user": 3, "transaction_id": "pay_LAowd5VEpIE1tK", "payment_method": "RazorPay", "amount": "2650.6", "status": "Success", "created_at": "2023-01-31T14:40:33.964Z"}}, {"model": "orders.payment", "pk": 27, "fields": {"user": 3, "transaction_id": "pay_LAp0fdA4dJybxs", "payment_method": "RazorPay", "amount": "2650.6", "status": "Success", "created_at": "2023-01-31T14:44:26.344Z"}}, {"model": "orders.payment", "pk": 28, "fields": {"user": 3, "transaction_id": "16D32682KD979531A", "payment_method": "PayPal", "amount": "2650.6", "status": "COMPLETED", "created_at": "2023-01-31T14:49:17.824Z"}}, {"model": "orders.payment", "pk": 29, "fields": {"user": 3, "transaction_id": "pay_LApk7YvzZyLTK7", "payment_method": "RazorPay", "amount": "46.4", "status": "Success", "created_at": "2023-01-31T15:27:25.169Z"}}, {"model": "orders.payment", "pk": 30, "fields": {"user": 3, "transaction_id": "8X180517SL422045M", "payment_method": "PayPal", "amount": "400.2", "status": "COMPLETED", "created_at": "2023-01-31T15:33:10.256Z"}}, {"model": "orders.payment", "pk": 31, "fields": {"user": 3, "transaction_id": "pay_LApthcb7bRKJB4", "payment_method": "RazorPay", "amount": "2784.0", "status": "Success", "created_at": "2023-01-31T15:36:29.930Z"}}, {"model": "orders.payment", "pk": 32, "fields": {"user": 3, "transaction_id": "86L83904RJ650353X", "payment_method": "PayPal", "amount": "2784.0", "status": "COMPLETED", "created_at": "2023-01-31T15:40:54.008Z"}}, {"model": "orders.payment", "pk": 33, "fields": {"user": 3, "transaction_id": "6GL89317PB187902S", "payment_method": "PayPal", "amount": "92.8", "status": "COMPLETED", "created_at": "2023-01-31T16:14:28.869Z"}}, {"model": "orders.payment", "pk": 34, "fields": {"user": 3, "transaction_id": "56Y43044XS393732V", "payment_method": "PayPal", "amount": "92.8", "status": "COMPLETED", "created_at": "2023-01-31T16:25:57.116Z"}}, {"model": "orders.payment", "pk": 35, "fields": {"user": 3, "transaction_id": "18K77658E6478610T", "payment_method": "PayPal", "amount": "92.8", "status": "COMPLETED", "created_at": "2023-01-31T16:39:29.696Z"}}, {"model": "orders.payment", "pk": 36, "fields": {"user": 3, "transaction_id": "pay_LAr64pHGWiqVGl", "payment_method": "RazorPay", "amount": "162.4", "status": "Success", "created_at": "2023-01-31T16:46:55.075Z"}}, {"model": "orders.payment", "pk": 37, "fields": {"user": 3, "transaction_id": "pay_LAr7cCKvlYgEf1", "payment_method": "RazorPay", "amount": "23.2", "status": "Success", "created_at": "2023-01-31T16:48:21.909Z"}}, {"model": "orders.payment", "pk": 38, "fields": {"user": 3, "transaction_id": "pay_LArYiLQEUJ9SMa", "payment_method": "RazorPay", "amount": "1879.2", "status": "Success", "created_at": "2023-01-31T17:14:01.257Z"}}, {"model": "orders.payment", "pk": 39, "fields": {"user": 3, "transaction_id": "pay_LAs0JSSKdWuc8a", "payment_method": "RazorPay", "amount": "719.2", "status": "Success", "created_at": "2023-01-31T17:40:06.146Z"}}, {"model": "orders.payment", "pk": 40, "fields": {"user": 3, "transaction_id": "pay_LAs36RO1rbjEVs", "payment_method": "RazorPay", "amount": "40.6", "status": "Success", "created_at": "2023-01-31T17:42:44.722Z"}}, {"model": "orders.payment", "pk": 41, "fields": {"user": 5, "transaction_id": "76Y50767P64018456", "payment_method": "PayPal", "amount": "208.8", "status": "COMPLETED", "created_at": "2023-03-31T18:58:16.796Z"}}, {"model": "orders.payment", "pk": 42, "fields": {"user": 5, "transaction_id": "153323905V2710125", "payment_method": "PayPal", "amount": "208.8", "status": "COMPLETED", "created_at": "2023-03-31T19:03:45.090Z"}}, {"model": "orders.payment", "pk": 43, "fields": {"user": 3, "transaction_id": "0JB39811BY474551X", "payment_method": "PayPal", "amount": "13.92", "status": "COMPLETED", "created_at": "2023-03-31T19:06:29.313Z"}}, {"model": "orders.order", "pk": 61, "fields": {"user": 3, "payment": 19, "order_number": "202301290761", "first_name": "chitkara", "last_name": "sanya", "phone": "9896309999", "email": "sanya0639.be20@chitkara.edu.in", "address": "Post Office Jhansla, Kharajpur, Rajpura, Punjab, India", "country": "India", "state": "Punjab", "city": "Rajpura", "pin_code": "140401", "total": 2337.4, "tax_data": "{\"CGST\": {\"9.00\": 181.35}, \"SGST\": {\"7.00\": 141.05}}", "total_data": null, "total_tax": 322.4, "payment_method": "PayPal", "status": "New", "is_ordered": true, "created_at": "2023-01-29T02:29:35.100Z", "updated_at": "2023-01-29T02:30:02.050Z", "vendor": [1, 2, 3, 4, 5]}}, {"model": "orders.order", "pk": 63, "fields": {"user": 3, "payment": 20, "order_number": "202301290863", "first_name": "chitkara", "last_name": "sanya", "phone": "9896309999", "email": "sanya0639.be20@chitkara.edu.in", "address": "Post Office Jhansla, Kharajpur, Rajpura, Punjab, India", "country": "India", "state": "Punjab", "city": "Rajpura", "pin_code": "140401", "total": 2337.4, "tax_data": "{\"CGST\": {\"9.00\": 181.35}, \"SGST\": {\"7.00\": 141.05}}", "total_data": null, "total_tax": 322.4, "payment_method": "PayPal", "status": "New", "is_ordered": true, "created_at": "2023-01-29T02:31:58.864Z", "updated_at": "2023-01-29T02:32:27.873Z", "vendor": [1, 2, 3, 4, 5]}}, {"model": "orders.order", "pk": 64, "fields": {"user": 3, "payment": null, "order_number": "202301291264", "first_name": "chitkara", "last_name": "sanya", "phone": "9896309999", "email": "sanya0639.be20@chitkara.edu.in", "address": "Post Office Jhansla, Kharajpur, Rajpura, Punjab, India", "country": "India", "state": "Punjab", "city": "Rajpura", "pin_code": "140401", "total": 2337.4, "tax_data": "{\"CGST\": {\"9.00\": 181.35}, \"SGST\": {\"7.00\": 141.05}}", "total_data": "{\"3\": {\"850.00\": \"{'CGST': {'9.00': '76.50'}, 'SGST': {'7.00': '59.50'}}\"}, \"5\": {\"210.00\": \"{'CGST': {'9.00': '18.90'}, 'SGST': {'7.00': '14.70'}}\"}, \"2\": {\"600.00\": \"{'CGST': {'9.00': '54.00'}, 'SGST': {'7.00': '42.00'}}\"}, \"1\": {\"305.00\": \"{'CGST': {'9.00': '27.45'}, 'SGST': {'7.00': '21.35'}}\"}, \"4\": {\"50.00\": \"{'CGST': {'9.00': '4.50'}, 'SGST': {'7.00': '3.50'}}\"}}", "total_tax": 322.4, "payment_method": "PayPal", "status": "New", "is_ordered": false, "created_at": "2023-01-29T06:48:57.716Z", "updated_at": "2023-01-29T06:48:57.726Z", "vendor": [1, 2, 3, 4, 5]}}, {"model": "orders.order", "pk": 65, "fields": {"user": 3, "payment": 21, "order_number": "202301291765", "first_name": "chitkara", "last_name": "sanya", "phone": "9896309999", "email": "sanya0639.be20@chitkara.edu.in", "address": "Post Office Jhansla, Kharajpur, Rajpura, Punjab, India", "country": "India", "state": "Punjab", "city": "Rajpura", "pin_code": "140401", "total": 2337.4, "tax_data": "{\"CGST\": {\"9.00\": 181.35}, \"SGST\": {\"7.00\": 141.05}}", "total_data": "{\"3\": {\"850.00\": \"{'CGST': {'9.00': '76.50'}, 'SGST': {'7.00': '59.50'}}\"}, \"5\": {\"210.00\": \"{'CGST': {'9.00': '18.90'}, 'SGST': {'7.00': '14.70'}}\"}, \"2\": {\"600.00\": \"{'CGST': {'9.00': '54.00'}, 'SGST': {'7.00': '42.00'}}\"}, \"1\": {\"305.00\": \"{'CGST': {'9.00': '27.45'}, 'SGST': {'7.00': '21.35'}}\"}, \"4\": {\"50.00\": \"{'CGST': {'9.00': '4.50'}, 'SGST': {'7.00': '3.50'}}\"}}", "total_tax": 322.4, "payment_method": "PayPal", "status": "New", "is_ordered": true, "created_at": "2023-01-29T12:06:58.945Z", "updated_at": "2023-01-29T12:07:39.974Z", "vendor": [1, 2, 3, 4, 5]}}, {"model": "orders.order", "pk": 66, "fields": {"user": 3, "payment": 22, "order_number": "202301292266", "first_name": "chitkara", "last_name": "sanya", "phone": "9896309999", "email": "sanya0639.be20@chitkara.edu.in", "address": "Post Office Jhansla, Kharajpur, Rajpura, Punjab, India", "country": "India", "state": "Punjab", "city": "Rajpura", "pin_code": "140401", "total": 3596.0, "tax_data": "{\"CGST\": {\"9.00\": 279.00}, \"SGST\": {\"7.00\": 217.00}}", "total_data": "{\"3\": {\"700.00\": \"{'CGST': {'9.00': '63.00'}, 'SGST': {'7.00': '49.00'}}\"}, \"5\": {\"210.00\": \"{'CGST': {'9.00': '18.90'}, 'SGST': {'7.00': '14.70'}}\"}, \"2\": {\"1240.00\": \"{'CGST': {'9.00': '111.60'}, 'SGST': {'7.00': '86.80'}}\"}, \"1\": {\"805.00\": \"{'CGST': {'9.00': '72.45'}, 'SGST': {'7.00': '56.35'}}\"}, \"4\": {\"145.00\": \"{'CGST': {'9.00': '13.05'}, 'SGST': {'7.00': '10.15'}}\"}}", "total_tax": 496.0, "payment_method": "PayPal", "status": "New", "is_ordered": true, "created_at": "2023-01-29T17:02:18.122Z", "updated_at": "2023-01-29T17:03:58.023Z", "vendor": [1, 2, 3, 4, 5]}}, {"model": "orders.order", "pk": 67, "fields": {"user": 3, "payment": 23, "order_number": "202301292267", "first_name": "chitkara", "last_name": "sanya", "phone": "9896309999", "email": "sanya0639.be20@chitkara.edu.in", "address": "Post Office Jhansla, Kharajpur, Rajpura, Punjab, India", "country": "India", "state": "Punjab", "city": "Rajpura", "pin_code": "140401", "total": 3184.2, "tax_data": "{\"CGST\": {\"9.00\": 247.05}, \"SGST\": {\"7.00\": 192.15}}", "total_data": "{\"3\": {\"700.00\": \"{'CGST': {'9.00': '63.00'}, 'SGST': {'7.00': '49.00'}}\"}, \"2\": {\"1240.00\": \"{'CGST': {'9.00': '111.60'}, 'SGST': {'7.00': '86.80'}}\"}, \"1\": {\"805.00\": \"{'CGST': {'9.00': '72.45'}, 'SGST': {'7.00': '56.35'}}\"}}", "total_tax": 439.2, "payment_method": "RazorPay", "status": "New", "is_ordered": true, "created_at": "2023-01-29T17:08:25.258Z", "updated_at": "2023-01-29T17:09:50.297Z", "vendor": [2, 1, 3]}}, {"model": "orders.order", "pk": 68, "fields": {"user": 3, "payment": 24, "order_number": "202301292268", "first_name": "chitkara", "last_name": "sanya", "phone": "9896309999", "email": "sanya0639.be20@chitkara.edu.in", "address": "Post Office Jhansla, Kharajpur, Rajpura, Punjab, India", "country": "India", "state": "Punjab", "city": "Rajpura", "pin_code": "140401", "total": 3184.2, "tax_data": "{\"CGST\": {\"9.00\": 247.05}, \"SGST\": {\"7.00\": 192.15}}", "total_data": "{\"3\": {\"700.00\": \"{'CGST': {'9.00': '63.00'}, 'SGST': {'7.00': '49.00'}}\"}, \"2\": {\"1240.00\": \"{'CGST': {'9.00': '111.60'}, 'SGST': {'7.00': '86.80'}}\"}, \"1\": {\"805.00\": \"{'CGST': {'9.00': '72.45'}, 'SGST': {'7.00': '56.35'}}\"}}", "total_tax": 439.2, "payment_method": "RazorPay", "status": "New", "is_ordered": true, "created_at": "2023-01-29T17:11:43.257Z", "updated_at": "2023-01-29T17:14:33.270Z", "vendor": [1, 2, 3]}}, {"model": "orders.order", "pk": 69, "fields": {"user": 3, "payment": null, "order_number": "202301292269", "first_name": "chitkara", "last_name": "sanya", "phone": "9896309999", "email": "sanya0639.be20@chitkara.edu.in", "address": "Post Office Jhansla, Kharajpur, Rajpura, Punjab, India", "country": "India", "state": "Punjab", "city": "Rajpura", "pin_code": "140401", "total": 881.6, "tax_data": "{\"CGST\": {\"9.00\": 68.40}, \"SGST\": {\"7.00\": 53.20}}", "total_data": "{\"2\": {\"20.00\": \"{'CGST': {'9.00': '1.80'}, 'SGST': {'7.00': '1.40'}}\"}, \"1\": {\"740.00\": \"{'CGST': {'9.00': '66.60'}, 'SGST': {'7.00': '51.80'}}\"}}", "total_tax": 121.6, "payment_method": "PayPal", "status": "New", "is_ordered": false, "created_at": "2023-01-29T17:20:26.011Z", "updated_at": "2023-01-29T17:20:26.019Z", "vendor": [1, 2]}}, {"model": "orders.order", "pk": 70, "fields": {"user": 3, "payment": 25, "order_number": "202301292270", "first_name": "chitkara", "last_name": "sanya", "phone": "9896309999", "email": "sanya0639.be20@chitkara.edu.in", "address": "Post Office Jhansla, Kharajpur, Rajpura, Punjab, India", "country": "India", "state": "Punjab", "city": "Rajpura", "pin_code": "140401", "total": 881.6, "tax_data": "{\"CGST\": {\"9.00\": 68.40}, \"SGST\": {\"7.00\": 53.20}}", "total_data": "{\"2\": {\"20.00\": \"{'CGST': {'9.00': '1.80'}, 'SGST': {'7.00': '1.40'}}\"}, \"1\": {\"740.00\": \"{'CGST': {'9.00': '66.60'}, 'SGST': {'7.00': '51.80'}}\"}}", "total_tax": 121.6, "payment_method": "PayPal", "status": "New", "is_ordered": true, "created_at": "2023-01-29T17:20:31.023Z", "updated_at": "2023-01-29T17:22:16.846Z", "vendor": [1, 2]}}, {"model": "orders.order", "pk": 71, "fields": {"user": 3, "payment": 26, "order_number": "202301312071", "first_name": "chitkara", "last_name": "sanya", "phone": "9896309999", "email": "sanya0639.be20@chitkara.edu.in", "address": "Post Office Jhansla, Kharajpur, Rajpura, Punjab, India", "country": "India", "state": "Punjab", "city": "Rajpura", "pin_code": "140401", "total": 2650.6, "tax_data": "{\"CGST\": {\"9.00\": 205.65}, \"SGST\": {\"7.00\": 159.95}}", "total_data": "{\"2\": {\"640.00\": \"{'CGST': {'9.00': '57.60'}, 'SGST': {'7.00': '44.80'}}\"}, \"1\": {\"1645.00\": \"{'CGST': {'9.00': '148.05'}, 'SGST': {'7.00': '115.15'}}\"}}", "total_tax": 365.6, "payment_method": "RazorPay", "status": "New", "is_ordered": true, "created_at": "2023-01-31T14:40:04.616Z", "updated_at": "2023-01-31T14:40:33.968Z", "vendor": [1, 2]}}, {"model": "orders.order", "pk": 72, "fields": {"user": 3, "payment": null, "order_number": "202301312072", "first_name": "chitkara", "last_name": "sanya", "phone": "9896309999", "email": "sanya0639.be20@chitkara.edu.in", "address": "Post Office Jhansla, Kharajpur, Rajpura, Punjab, India", "country": "India", "state": "Punjab", "city": "Rajpura", "pin_code": "140401", "total": 2650.6, "tax_data": "{\"CGST\": {\"9.00\": 205.65}, \"SGST\": {\"7.00\": 159.95}}", "total_data": "{\"2\": {\"640.00\": \"{'CGST': {'9.00': '57.60'}, 'SGST': {'7.00': '44.80'}}\"}, \"1\": {\"1645.00\": \"{'CGST': {'9.00': '148.05'}, 'SGST': {'7.00': '115.15'}}\"}}", "total_tax": 365.6, "payment_method": "RazorPay", "status": "New", "is_ordered": false, "created_at": "2023-01-31T14:43:16.264Z", "updated_at": "2023-01-31T14:43:16.270Z", "vendor": [1, 2]}}, {"model": "orders.order", "pk": 73, "fields": {"user": 3, "payment": 27, "order_number": "202301312073", "first_name": "chitkara", "last_name": "sanya", "phone": "9896309999", "email": "sanya0639.be20@chitkara.edu.in", "address": "Post Office Jhansla, Kharajpur, Rajpura, Punjab, India", "country": "India", "state": "Punjab", "city": "Rajpura", "pin_code": "140401", "total": 2650.6, "tax_data": "{\"CGST\": {\"9.00\": 205.65}, \"SGST\": {\"7.00\": 159.95}}", "total_data": "{\"2\": {\"640.00\": \"{'CGST': {'9.00': '57.60'}, 'SGST': {'7.00': '44.80'}}\"}, \"1\": {\"1645.00\": \"{'CGST': {'9.00': '148.05'}, 'SGST': {'7.00': '115.15'}}\"}}", "total_tax": 365.6, "payment_method": "RazorPay", "status": "New", "is_ordered": true, "created_at": "2023-01-31T14:43:41.469Z", "updated_at": "2023-01-31T14:44:26.348Z", "vendor": [1, 2]}}, {"model": "orders.order", "pk": 74, "fields": {"user": 3, "payment": null, "order_number": "202301312074", "first_name": "chitkara", "last_name": "sanya", "phone": "9896309999", "email": "sanya0639.be20@chitkara.edu.in", "address": "Post Office Jhansla, Kharajpur, Rajpura, Punjab, India", "country": "India", "state": "Punjab", "city": "Rajpura", "pin_code": "140401", "total": 2650.6, "tax_data": "{\"CGST\": {\"9.00\": 205.65}, \"SGST\": {\"7.00\": 159.95}}", "total_data": "{\"2\": {\"640.00\": \"{'CGST': {'9.00': '57.60'}, 'SGST': {'7.00': '44.80'}}\"}, \"1\": {\"1645.00\": \"{'CGST': {'9.00': '148.05'}, 'SGST': {'7.00': '115.15'}}\"}}", "total_tax": 365.6, "payment_method": "RazorPay", "status": "New", "is_ordered": false, "created_at": "2023-01-31T14:48:08.944Z", "updated_at": "2023-01-31T14:48:08.951Z", "vendor": [1, 2]}}, {"model": "orders.order", "pk": 75, "fields": {"user": 3, "payment": 28, "order_number": "202301312075", "first_name": "chitkara", "last_name": "sanya", "phone": "9896309999", "email": "sanya0639.be20@chitkara.edu.in", "address": "Post Office Jhansla, Kharajpur, Rajpura, Punjab, India", "country": "India", "state": "Punjab", "city": "Rajpura", "pin_code": "140401", "total": 2650.6, "tax_data": "{\"CGST\": {\"9.00\": 205.65}, \"SGST\": {\"7.00\": 159.95}}", "total_data": "{\"2\": {\"640.00\": \"{'CGST': {'9.00': '57.60'}, 'SGST': {'7.00': '44.80'}}\"}, \"1\": {\"1645.00\": \"{'CGST': {'9.00': '148.05'}, 'SGST': {'7.00': '115.15'}}\"}}", "total_tax": 365.6, "payment_method": "PayPal", "status": "New", "is_ordered": true, "created_at": "2023-01-31T14:48:40.383Z", "updated_at": "2023-01-31T14:49:17.827Z", "vendor": [1, 2]}}, {"model": "orders.order", "pk": 76, "fields": {"user": 3, "payment": 29, "order_number": "202301312076", "first_name": "chitkara", "last_name": "sanya", "phone": "9896309999", "email": "sanya0639.be20@chitkara.edu.in", "address": "Post Office Jhansla, Kharajpur, Rajpura, Punjab, India", "country": "India", "state": "Punjab", "city": "Rajpura", "pin_code": "140401", "total": 46.4, "tax_data": "{\"CGST\": {\"9.00\": 3.60}, \"SGST\": {\"7.00\": 2.80}}", "total_data": "{\"2\": {\"40.00\": \"{'CGST': {'9.00': '3.60'}, 'SGST': {'7.00': '2.80'}}\"}}", "total_tax": 6.4, "payment_method": "RazorPay", "status": "New", "is_ordered": true, "created_at": "2023-01-31T15:26:41.661Z", "updated_at": "2023-01-31T15:27:25.173Z", "vendor": [2]}}, {"model": "orders.order", "pk": 77, "fields": {"user": 3, "payment": 30, "order_number": "202301312177", "first_name": "chitkara", "last_name": "sanya", "phone": "9896309999", "email": "sanya0639.be20@chitkara.edu.in", "address": "Post Office Jhansla, Kharajpur, Rajpura, Punjab, India", "country": "India", "state": "Punjab", "city": "Rajpura", "pin_code": "140401", "total": 400.2, "tax_data": "{\"CGST\": {\"9.00\": 31.05}, \"SGST\": {\"7.00\": 24.15}}", "total_data": "{\"2\": {\"40.00\": \"{'CGST': {'9.00': '3.60'}, 'SGST': {'7.00': '2.80'}}\"}, \"1\": {\"305.00\": \"{'CGST': {'9.00': '27.45'}, 'SGST': {'7.00': '21.35'}}\"}}", "total_tax": 55.2, "payment_method": "PayPal", "status": "New", "is_ordered": true, "created_at": "2023-01-31T15:32:38.101Z", "updated_at": "2023-01-31T15:33:10.258Z", "vendor": [1, 2]}}, {"model": "orders.order", "pk": 78, "fields": {"user": 3, "payment": 31, "order_number": "202301312178", "first_name": "chitkara", "last_name": "sanya", "phone": "9896309999", "email": "sanya0639.be20@chitkara.edu.in", "address": "Post Office Jhansla, Kharajpur, Rajpura, Punjab, India", "country": "India", "state": "Punjab", "city": "Rajpura", "pin_code": "140401", "total": 2784.0, "tax_data": "{\"CGST\": {\"9.00\": 216.00}, \"SGST\": {\"7.00\": 168.00}}", "total_data": "{\"2\": {\"2400.00\": \"{'CGST': {'9.00': '216.00'}, 'SGST': {'7.00': '168.00'}}\"}}", "total_tax": 384.0, "payment_method": "RazorPay", "status": "New", "is_ordered": true, "created_at": "2023-01-31T15:36:05.003Z", "updated_at": "2023-01-31T15:36:29.934Z", "vendor": [2]}}, {"model": "orders.order", "pk": 79, "fields": {"user": 3, "payment": null, "order_number": "202301312179", "first_name": "chitkara", "last_name": "sanya", "phone": "9896309999", "email": "sanya0639.be20@chitkara.edu.in", "address": "Post Office Jhansla, Kharajpur, Rajpura, Punjab, India", "country": "India", "state": "Punjab", "city": "Rajpura", "pin_code": "140401", "total": 2784.0, "tax_data": "{\"CGST\": {\"9.00\": 216.00}, \"SGST\": {\"7.00\": 168.00}}", "total_data": "{\"2\": {\"2400.00\": \"{'CGST': {'9.00': '216.00'}, 'SGST': {'7.00': '168.00'}}\"}}", "total_tax": 384.0, "payment_method": "RazorPay", "status": "New", "is_ordered": false, "created_at": "2023-01-31T15:37:23.232Z", "updated_at": "2023-01-31T15:37:23.243Z", "vendor": [2]}}, {"model": "orders.order", "pk": 80, "fields": {"user": 3, "payment": null, "order_number": "202301312180", "first_name": "chitkara", "last_name": "sanya", "phone": "9896309999", "email": "sanya0639.be20@chitkara.edu.in", "address": "Post Office Jhansla, Kharajpur, Rajpura, Punjab, India", "country": "India", "state": "Punjab", "city": "Rajpura", "pin_code": "140401", "total": 2784.0, "tax_data": "{\"CGST\": {\"9.00\": 216.00}, \"SGST\": {\"7.00\": 168.00}}", "total_data": "{\"2\": {\"2400.00\": \"{'CGST': {'9.00': '216.00'}, 'SGST': {'7.00': '168.00'}}\"}}", "total_tax": 384.0, "payment_method": "PayPal", "status": "New", "is_ordered": false, "created_at": "2023-01-31T15:39:44.777Z", "updated_at": "2023-01-31T15:39:44.785Z", "vendor": [2]}}, {"model": "orders.order", "pk": 81, "fields": {"user": 3, "payment": 32, "order_number": "202301312181", "first_name": "chitkara", "last_name": "sanya", "phone": "9896309999", "email": "sanya0639.be20@chitkara.edu.in", "address": "Post Office Jhansla, Kharajpur, Rajpura, Punjab, India", "country": "India", "state": "Punjab", "city": "Rajpura", "pin_code": "140401", "total": 2784.0, "tax_data": "{\"CGST\": {\"9.00\": 216.00}, \"SGST\": {\"7.00\": 168.00}}", "total_data": "{\"2\": {\"2400.00\": \"{'CGST': {'9.00': '216.00'}, 'SGST': {'7.00': '168.00'}}\"}}", "total_tax": 384.0, "payment_method": "PayPal", "status": "New", "is_ordered": true, "created_at": "2023-01-31T15:40:22.177Z", "updated_at": "2023-01-31T15:40:54.010Z", "vendor": [2]}}, {"model": "orders.order", "pk": 82, "fields": {"user": 3, "payment": 33, "order_number": "202301312182", "first_name": "chitkara", "last_name": "sanya", "phone": "9896309999", "email": "sanya0639.be20@chitkara.edu.in", "address": "Post Office Jhansla, Kharajpur, Rajpura, Punjab, India", "country": "India", "state": "Punjab", "city": "Rajpura", "pin_code": "140401", "total": 92.8, "tax_data": "{\"CGST\": {\"9.00\": 7.20}, \"SGST\": {\"7.00\": 5.60}}", "total_data": "{\"2\": {\"80.00\": \"{'CGST': {'9.00': '7.20'}, 'SGST': {'7.00': '5.60'}}\"}}", "total_tax": 12.8, "payment_method": "PayPal", "status": "New", "is_ordered": true, "created_at": "2023-01-31T16:11:52.987Z", "updated_at": "2023-01-31T16:14:28.871Z", "vendor": [2]}}, {"model": "orders.order", "pk": 83, "fields": {"user": 3, "payment": 34, "order_number": "202301312183", "first_name": "chitkara", "last_name": "sanya", "phone": "9896309999", "email": "sanya0639.be20@chitkara.edu.in", "address": "Post Office Jhansla, Kharajpur, Rajpura, Punjab, India", "country": "India", "state": "Punjab", "city": "Rajpura", "pin_code": "140401", "total": 92.8, "tax_data": "{\"CGST\": {\"9.00\": 7.20}, \"SGST\": {\"7.00\": 5.60}}", "total_data": "{\"2\": {\"80.00\": \"{'CGST': {'9.00': '7.20'}, 'SGST': {'7.00': '5.60'}}\"}}", "total_tax": 12.8, "payment_method": "PayPal", "status": "New", "is_ordered": true, "created_at": "2023-01-31T16:23:25.530Z", "updated_at": "2023-01-31T16:25:57.118Z", "vendor": [2]}}, {"model": "orders.order", "pk": 84, "fields": {"user": 3, "payment": null, "order_number": "202301312284", "first_name": "chitkara", "last_name": "sanya", "phone": "9896309999", "email": "sanya0639.be20@chitkara.edu.in", "address": "Post Office Jhansla, Kharajpur, Rajpura, Punjab, India", "country": "India", "state": "Punjab", "city": "Rajpura", "pin_code": "140401", "total": 92.8, "tax_data": "{\"CGST\": {\"9.00\": 7.20}, \"SGST\": {\"7.00\": 5.60}}", "total_data": "{\"2\": {\"80.00\": \"{'CGST': {'9.00': '7.20'}, 'SGST': {'7.00': '5.60'}}\"}}", "total_tax": 12.8, "payment_method": "PayPal", "status": "New", "is_ordered": false, "created_at": "2023-01-31T16:38:53.847Z", "updated_at": "2023-01-31T16:38:53.857Z", "vendor": [2]}}, {"model": "orders.order", "pk": 85, "fields": {"user": 3, "payment": 35, "order_number": "202301312285", "first_name": "chitkara", "last_name": "sanya", "phone": "9896309999", "email": "sanya0639.be20@chitkara.edu.in", "address": "Post Office Jhansla, Kharajpur, Rajpura, Punjab, India", "country": "India", "state": "Punjab", "city": "Rajpura", "pin_code": "140401", "total": 92.8, "tax_data": "{\"CGST\": {\"9.00\": 7.20}, \"SGST\": {\"7.00\": 5.60}}", "total_data": "{\"2\": {\"80.00\": \"{'CGST': {'9.00': '7.20'}, 'SGST': {'7.00': '5.60'}}\"}}", "total_tax": 12.8, "payment_method": "PayPal", "status": "New", "is_ordered": true, "created_at": "2023-01-31T16:38:57.149Z", "updated_at": "2023-01-31T16:39:29.698Z", "vendor": [2]}}, {"model": "orders.order", "pk": 86, "fields": {"user": 3, "payment": 36, "order_number": "202301312286", "first_name": "chitkara", "last_name": "sanya", "phone": "9896309999", "email": "sanya0639.be20@chitkara.edu.in", "address": "Post Office Jhansla, Kharajpur, Rajpura, Punjab, India", "country": "India", "state": "Punjab", "city": "Rajpura", "pin_code": "140401", "total": 162.4, "tax_data": "{\"CGST\": {\"9.00\": 12.60}, \"SGST\": {\"7.00\": 9.80}}", "total_data": "{\"2\": {\"140.00\": \"{'CGST': {'9.00': '12.60'}, 'SGST': {'7.00': '9.80'}}\"}}", "total_tax": 22.4, "payment_method": "RazorPay", "status": "New", "is_ordered": true, "created_at": "2023-01-31T16:46:21.174Z", "updated_at": "2023-01-31T16:46:55.077Z", "vendor": [2]}}, {"model": "orders.order", "pk": 87, "fields": {"user": 3, "payment": 37, "order_number": "202301312287", "first_name": "chitkara", "last_name": "sanya", "phone": "9896309999", "email": "sanya0639.be20@chitkara.edu.in", "address": "Post Office Jhansla, Kharajpur, Rajpura, Punjab, India", "country": "India", "state": "Punjab", "city": "Rajpura", "pin_code": "140401", "total": 23.2, "tax_data": "{\"CGST\": {\"9.00\": 1.80}, \"SGST\": {\"7.00\": 1.40}}", "total_data": "{\"2\": {\"20.00\": \"{'CGST': {'9.00': '1.80'}, 'SGST': {'7.00': '1.40'}}\"}}", "total_tax": 3.2, "payment_method": "RazorPay", "status": "New", "is_ordered": true, "created_at": "2023-01-31T16:47:58.843Z", "updated_at": "2023-01-31T16:48:21.912Z", "vendor": [2]}}, {"model": "orders.order", "pk": 88, "fields": {"user": 3, "payment": 38, "order_number": "202301312288", "first_name": "chitkara", "last_name": "sanya", "phone": "9896309999", "email": "sanya0639.be20@chitkara.edu.in", "address": "Post Office Jhansla, Kharajpur, Rajpura, Punjab, India", "country": "India", "state": "Punjab", "city": "Rajpura", "pin_code": "140401", "total": 1879.2, "tax_data": "{\"CGST\": {\"9.00\": 145.80}, \"SGST\": {\"7.00\": 113.40}}", "total_data": "{\"2\": {\"620.00\": \"{'CGST': {'9.00': '55.80'}, 'SGST': {'7.00': '43.40'}}\"}, \"1\": {\"1000.00\": \"{'CGST': {'9.00': '90.00'}, 'SGST': {'7.00': '70.00'}}\"}}", "total_tax": 259.2, "payment_method": "RazorPay", "status": "New", "is_ordered": true, "created_at": "2023-01-31T17:13:17.244Z", "updated_at": "2023-01-31T17:14:01.261Z", "vendor": [1, 2]}}, {"model": "orders.order", "pk": 89, "fields": {"user": 3, "payment": 39, "order_number": "202301312389", "first_name": "chitkara", "last_name": "sanya", "phone": "9896309999", "email": "sanya0639.be20@chitkara.edu.in", "address": "Post Office Jhansla, Kharajpur, Rajpura, Punjab, India", "country": "India", "state": "Punjab", "city": "Rajpura", "pin_code": "140401", "total": 719.2, "tax_data": "{\"CGST\": {\"9.00\": 55.80}, \"SGST\": {\"7.00\": 43.40}}", "total_data": "{\"2\": {\"620.00\": \"{'CGST': {'9.00': '55.80'}, 'SGST': {'7.00': '43.40'}}\"}}", "total_tax": 99.2, "payment_method": "RazorPay", "status": "New", "is_ordered": true, "created_at": "2023-01-31T17:39:40.231Z", "updated_at": "2023-01-31T17:40:06.148Z", "vendor": [2]}}, {"model": "orders.order", "pk": 90, "fields": {"user": 3, "payment": 40, "order_number": "202301312390", "first_name": "chitkara", "last_name": "sanya", "phone": "9896309999", "email": "sanya0639.be20@chitkara.edu.in", "address": "Post Office Jhansla, Kharajpur, Rajpura, Punjab, India", "country": "India", "state": "Punjab", "city": "Rajpura", "pin_code": "140401", "total": 40.6, "tax_data": "{\"CGST\": {\"9.00\": 3.15}, \"SGST\": {\"7.00\": 2.45}}", "total_data": "{\"1\": {\"15.00\": \"{'CGST': {'9.00': '1.35'}, 'SGST': {'7.00': '1.05'}}\"}, \"2\": {\"20.00\": \"{'CGST': {'9.00': '1.80'}, 'SGST': {'7.00': '1.40'}}\"}}", "total_tax": 5.6, "payment_method": "RazorPay", "status": "New", "is_ordered": true, "created_at": "2023-01-31T17:42:21.481Z", "updated_at": "2023-01-31T17:42:44.725Z", "vendor": [1, 2]}}, {"model": "orders.order", "pk": 91, "fields": {"user": 3, "payment": null, "order_number": "202302011091", "first_name": "chitkara", "last_name": "sanya", "phone": "9896309999", "email": "sanya0639.be20@chitkara.edu.in", "address": "Post Office Jhansla, Kharajpur, Rajpura, Punjab, India", "country": "India", "state": "Punjab", "city": "Rajpura", "pin_code": "140401", "total": 429.2, "tax_data": "{\"CGST\": {\"9.00\": 33.30}, \"SGST\": {\"7.00\": 25.90}}", "total_data": "{\"1\": {\"370.00\": \"{'CGST': {'9.00': '33.30'}, 'SGST': {'7.00': '25.90'}}\"}}", "total_tax": 59.2, "payment_method": "PayPal", "status": "New", "is_ordered": false, "created_at": "2023-02-01T04:50:55.458Z", "updated_at": "2023-02-01T04:50:55.462Z", "vendor": [1]}}, {"model": "orders.order", "pk": 92, "fields": {"user": 5, "payment": 41, "order_number": "202304010092", "first_name": "Sanya", "last_name": "Midha", "phone": "07988066597", "email": "greatkart01@gmail.com", "address": "387/3, Insar Market, Panipat", "country": "India", "state": "Haryana", "city": "Panipat", "pin_code": "132103", "total": 208.8, "tax_data": "{\"CGST\": {\"9.00\": 16.20}, \"SGST\": {\"7.00\": 12.60}}", "total_data": "{\"3\": {\"180.00\": \"{'CGST': {'9.00': '16.20'}, 'SGST': {'7.00': '12.60'}}\"}}", "total_tax": 28.8, "payment_method": "PayPal", "status": "New", "is_ordered": true, "created_at": "2023-03-31T18:57:11.182Z", "updated_at": "2023-03-31T18:58:16.800Z", "vendor": [3]}}, {"model": "orders.order", "pk": 93, "fields": {"user": 5, "payment": null, "order_number": "202304010093", "first_name": "Sanya", "last_name": "Midha", "phone": "07988066597", "email": "greatkart01@gmail.com", "address": "387/3, Insar Market, Panipat", "country": "India", "state": "Haryana", "city": "Panipat", "pin_code": "132103", "total": 208.8, "tax_data": "{\"CGST\": {\"9.00\": 16.20}, \"SGST\": {\"7.00\": 12.60}}", "total_data": "{\"3\": {\"180.00\": \"{'CGST': {'9.00': '16.20'}, 'SGST': {'7.00': '12.60'}}\"}}", "total_tax": 28.8, "payment_method": "PayPal", "status": "New", "is_ordered": false, "created_at": "2023-03-31T18:58:50.188Z", "updated_at": "2023-03-31T18:58:50.191Z", "vendor": [3]}}, {"model": "orders.order", "pk": 94, "fields": {"user": 5, "payment": null, "order_number": "202304010094", "first_name": "Great", "last_name": "Kart", "phone": "", "email": "greatkart01@gmail.com", "address": "Rajpura, ICL Road, Railway Crossing, Kharajpur, Rajpura, Punjab, India", "country": "India", "state": "Punjab", "city": "Rajpura", "pin_code": "140401", "total": 208.8, "tax_data": "{\"CGST\": {\"9.00\": 16.20}, \"SGST\": {\"7.00\": 12.60}}", "total_data": "{\"3\": {\"180.00\": \"{'CGST': {'9.00': '16.20'}, 'SGST': {'7.00': '12.60'}}\"}}", "total_tax": 28.8, "payment_method": "PayPal", "status": "New", "is_ordered": false, "created_at": "2023-03-31T18:59:54.262Z", "updated_at": "2023-03-31T18:59:54.276Z", "vendor": [3]}}, {"model": "orders.order", "pk": 95, "fields": {"user": 5, "payment": 42, "order_number": "202304010095", "first_name": "Sanya", "last_name": "Midha", "phone": "07988066597", "email": "greatkart01@gmail.com", "address": "387/3, Insar Market, Panipat", "country": "India", "state": "Haryana", "city": "Panipat", "pin_code": "132103", "total": 208.8, "tax_data": "{\"CGST\": {\"9.00\": 16.20}, \"SGST\": {\"7.00\": 12.60}}", "total_data": "{\"3\": {\"180.00\": \"{'CGST': {'9.00': '16.20'}, 'SGST': {'7.00': '12.60'}}\"}}", "total_tax": 28.8, "payment_method": "PayPal", "status": "New", "is_ordered": true, "created_at": "2023-03-31T19:02:53.113Z", "updated_at": "2023-03-31T19:03:45.094Z", "vendor": [3]}}, {"model": "orders.order", "pk": 96, "fields": {"user": 3, "payment": 43, "order_number": "202304010096", "first_name": "chitkara", "last_name": "sanya", "phone": "9896309999", "email": "sanya0639.be20@chitkara.edu.in", "address": "Post Office Jhansla, Kharajpur, Rajpura, Punjab, India", "country": "India", "state": "Punjab", "city": "Rajpura", "pin_code": "140401", "total": 13.92, "tax_data": "{\"CGST\": {\"9.00\": 1.08}, \"SGST\": {\"7.00\": 0.84}}", "total_data": "{\"2\": {\"12.00\": \"{'CGST': {'9.00': '1.08'}, 'SGST': {'7.00': '0.84'}}\"}}", "total_tax": 1.92, "payment_method": "PayPal", "status": "New", "is_ordered": true, "created_at": "2023-03-31T19:05:52.530Z", "updated_at": "2023-03-31T19:06:29.315Z", "vendor": [2]}}, {"model": "orders.order", "pk": 97, "fields": {"user": 3, "payment": null, "order_number": "202304011897", "first_name": "chitkara", "last_name": "sanya", "phone": "9896309999", "email": "sanya0639.be20@chitkara.edu.in", "address": "Post Office Jhansla, Kharajpur, Rajpura, Punjab, India", "country": "India", "state": "Punjab", "city": "Rajpura", "pin_code": "140401", "total": 208.8, "tax_data": "{\"CGST\": {\"9.00\": 16.20}, \"SGST\": {\"7.00\": 12.60}}", "total_data": "{\"3\": {\"180.00\": \"{'CGST': {'9.00': '16.20'}, 'SGST': {'7.00': '12.60'}}\"}}", "total_tax": 28.8, "payment_method": "RazorPay", "status": "New", "is_ordered": false, "created_at": "2023-04-01T12:49:18.460Z", "updated_at": "2023-04-01T12:49:18.472Z", "vendor": [3]}}, {"model": "orders.order", "pk": 98, "fields": {"user": 3, "payment": null, "order_number": "202304011898", "first_name": "chitkara", "last_name": "sanya", "phone": "9896309999", "email": "sanya0639.be20@chitkara.edu.in", "address": "Post Office Jhansla, Kharajpur, Rajpura, Punjab, India", "country": "India", "state": "Punjab", "city": "Rajpura", "pin_code": "140401", "total": 208.8, "tax_data": "{\"CGST\": {\"9.00\": 16.20}, \"SGST\": {\"7.00\": 12.60}}", "total_data": "{\"3\": {\"180.00\": \"{'CGST': {'9.00': '16.20'}, 'SGST': {'7.00': '12.60'}}\"}}", "total_tax": 28.8, "payment_method": "RazorPay", "status": "New", "is_ordered": false, "created_at": "2023-04-01T12:50:31.350Z", "updated_at": "2023-04-01T12:50:31.359Z", "vendor": [3]}}, {"model": "orders.order", "pk": 99, "fields": {"user": 3, "payment": null, "order_number": "202304011899", "first_name": "chitkara", "last_name": "sanya", "phone": "9896309999", "email": "sanya0639.be20@chitkara.edu.in", "address": "Post Office Jhansla, Kharajpur, Rajpura, Punjab, India", "country": "India", "state": "Punjab", "city": "Rajpura", "pin_code": "140401", "total": 208.8, "tax_data": "{\"CGST\": {\"9.00\": 16.20}, \"SGST\": {\"7.00\": 12.60}}", "total_data": "{\"3\": {\"180.00\": \"{'CGST': {'9.00': '16.20'}, 'SGST': {'7.00': '12.60'}}\"}}", "total_tax": 28.8, "payment_method": "PayPal", "status": "New", "is_ordered": false, "created_at": "2023-04-01T12:50:38.177Z", "updated_at": "2023-04-01T12:50:38.185Z", "vendor": [3]}}, {"model": "orders.order", "pk": 100, "fields": {"user": 3, "payment": null, "order_number": "2023040118100", "first_name": "chitkara", "last_name": "sanya", "phone": "9896309999", "email": "sanya0639.be20@chitkara.edu.in", "address": "Post Office Jhansla, Kharajpur, Rajpura, Punjab, India", "country": "India", "state": "Punjab", "city": "Rajpura", "pin_code": "140401", "total": 208.8, "tax_data": "{\"CGST\": {\"9.00\": 16.20}, \"SGST\": {\"7.00\": 12.60}}", "total_data": "{\"3\": {\"180.00\": \"{'CGST': {'9.00': '16.20'}, 'SGST': {'7.00': '12.60'}}\"}}", "total_tax": 28.8, "payment_method": "RazorPay", "status": "New", "is_ordered": false, "created_at": "2023-04-01T12:51:51.033Z", "updated_at": "2023-04-01T12:51:51.044Z", "vendor": [3]}}, {"model": "orders.order", "pk": 101, "fields": {"user": 3, "payment": null, "order_number": "2023040118101", "first_name": "chitkara", "last_name": "sanya", "phone": "9896309999", "email": "sanya0639.be20@chitkara.edu.in", "address": "Post Office Jhansla, Kharajpur, Rajpura, Punjab, India", "country": "India", "state": "Punjab", "city": "Rajpura", "pin_code": "140401", "total": 208.8, "tax_data": "{\"CGST\": {\"9.00\": 16.20}, \"SGST\": {\"7.00\": 12.60}}", "total_data": "{\"3\": {\"180.00\": \"{'CGST': {'9.00': '16.20'}, 'SGST': {'7.00': '12.60'}}\"}}", "total_tax": 28.8, "payment_method": "RazorPay", "status": "New", "is_ordered": false, "created_at": "2023-04-01T12:53:54.782Z", "updated_at": "2023-04-01T12:53:54.787Z", "vendor": [3]}}, {"model": "orders.orderedfood", "pk": 92, "fields": {"order": 92, "payment": 41, "user": 5, "fooditem": 35, "quantity": 1, "price": 180.0, "amount": 180.0, "created_at": "2023-03-31T18:58:16.809Z", "updated_at": "2023-03-31T18:58:16.809Z"}}, {"model": "orders.orderedfood", "pk": 93, "fields": {"order": 95, "payment": 42, "user": 5, "fooditem": 35, "quantity": 1, "price": 180.0, "amount": 180.0, "created_at": "2023-03-31T19:03:45.102Z", "updated_at": "2023-03-31T19:03:45.102Z"}}, {"model": "orders.orderedfood", "pk": 94, "fields": {"order": 96, "payment": 43, "user": 3, "fooditem": 53, "quantity": 1, "price": 12.0, "amount": 12.0, "created_at": "2023-03-31T19:06:29.324Z", "updated_at": "2023-03-31T19:06:29.324Z"}}]